ticker,PX_TO_BOOK_RATIO,PE_RATIO,RETURN_COM_EQY,RETURN_ON_ASSET,EQY_FLOAT_PCT,CUR_MKT_CAP,EQY_DVD_YLD_IND,TOT_DEBT_TO_TOT_EQY,BS_TOT_ASSET,SALES_GROWTH,CASH_AND_NEAR_CASH_ITEM,DVD_SH_12M
402340,0.4239896780775524,,-0.08038678906446914,-0.06414298757773092,67.80404574524378,144725348712448.0,14.000000000000002,0.9639497984091256,17970008000000.0,-19.892280501040876,1270893000000.0,
005930,1.195243057876336,29.17076762926707,0.041446129034146656,0.032009096692103445,94.93816607930515,1763122192842752.0,55.00000000000001,3.5913734466643232,455905980000000.0,-14.325404881875926,69080893000000.0,1444.0
000660,1.7765304886624513,,-0.1560739583169194,-0.08924929641983302,78.52663936921009,1194856546304000.0,18.0,60.740006150909224,100330165000000.0,-26.569772267975882,7587329000000.0,1200.0
005935,0.13257172060136116,3.235508318070098,0.041446129034146656,0.032009096692103445,682.030718642329,1205515715608576.0,81.0,3.5913734466643232,455905980000000.0,-14.325404881875926,69080893000000.0,1445.0
005380,0.3660390317390304,2.8304988453500424,0.13682527583407714,0.044450344541705315,96.06938166657186,160504286806016.0,163.0,136.0108306283628,282463355000000.0,14.42975591057733,19166619000000.0,3000.0
329180,2.39380341766632,504.96439290219143,0.004704232961120011,0.001477190022608828,30.763658674905898,69064483405824.0,118.0,60.837186854068534,17133618109000.0,32.26412910703523,928043107000.0,0.0
373220,4.853608358269423,79.24958373074249,0.06355454631943776,0.029549328788637426,20.154,111501000048640.0,,54.11852029844003,45437144000000.0,31.825405044469406,5068783000000.0,
034020,1.3981704728136275,178.98661779668333,0.007813841915703949,0.0023316117465647514,69.24504946951417,82831606808576.0,,73.36619097135726,24640834000000.0,14.06407981886853,2620187000000.0,0.0
028260,0.5818411361224703,8.980402544063761,0.07282780711336696,0.035461859353444126,54.15772280650841,69135857876992.0,66.0,14.992618648577652,66127029212670.0,-2.9330947359254442,3119516302890.0,2550.0
009150,1.375259951278835,25.51713763413068,0.054978686479533,0.03733885792542995,79.57363730687183,69050185023488.0,26.0,20.343675071788976,11657871601840.0,-5.646315418197142,1669189597130.0,1150.0
207940,5.574896567119278,63.89709037057933,0.09117117315759111,0.05257354378164818,71.31055052206639,68140281102336.0,,19.422552779078057,16046197209190.0,23.099812704725466,367937365040.0,
012450,2.1028814496125814,9.075998876007665,0.2560435466306131,0.04712587709525705,62.650999669807575,67243564072960.0,54.0,118.1857969517113,19542899925700.0,11.745714014309822,1806358649280.0,1973.0332
105560,0.2904627650174096,3.5838313564901148,0.08414228269582766,0.006543583083658666,98.39109829493005,57353009364992.0,284.0,214.11756938514324,715725416000000.0,18.54485868825115,30787443000000.0,1530.0
000270,0.6637382680401297,3.520417493656586,0.2043762276266702,0.11373640992172862,60.678674691287384,63933918478336.0,413.0,8.866637205948464,80627826000000.0,15.306769441695101,14353142000000.0,0.0
032830,0.25885378701410455,5.795981078816155,0.04616342655600732,0.006205092379000642,52.01199997021854,52974562836480.0,180.0,46.22653166886863,314655050000000.0,21.02055222158614,7377872000000.0,3700.0
006400,1.8497867492774402,17.042589953840952,0.11482135975536943,0.06249829177558928,78.54375414112117,53354281566208.0,36.0,31.325890589179313,34038860192960.0,6.523128388947792,1524461361450.0,977.12604
267260,2.921235076171905,11.814927517711176,0.27706167267980697,0.09696668890938118,64.32900123313881,50497763409920.0,60.0,70.85548768702884,2910160077690.0,28.429555513889394,176097890080.0,1000.0
010120,1.253833262441243,10.426828452361061,0.12611456949008656,0.05838169119090333,51.0241230067342,46569814491136.0,19.0,57.69456886501282,3732891934230.0,25.270792671400006,583925062420.0,560.0
055550,0.29835652164299964,3.6693553417301055,0.08363686958245345,0.006441443749478089,95.49641638180675,46516127399936.0,282.0,235.42630633048213,691795333000000.0,13.462289273659886,35765819000000.0,1575.0
012330,0.463270211273286,5.500095661279856,0.0872741682126123,0.06004982273270279,64.4302549580776,45392917954560.0,128.0,6.769172872120379,58585845000000.0,14.15641066874107,5079414000000.0,1000.0
006800,0.2652911197985696,9.142032775083647,0.029193728645531433,0.002742112671500358,75.87472707977092,46310791053312.0,38.0,283.71267184627953,128206948648960.0,-10.950809291831654,14759700888000.0,0.0
005490,0.5994068827486381,19.11180722404161,0.03185405779176872,0.016938989377115632,102.48302352986704,38813158080512.0,190.0,49.67036019808086,101486316000000.0,-9.349092866825806,6670879000000.0,7500.0
068270,2.5505468359016557,80.85539617417896,0.05072413475762127,0.04144524174058237,65.06263770891576,43392415301632.0,38.0,11.132768680117781,19956813831270.0,-4.7082959776484055,564611719560.0,457.87546
298040,1.4233862249094318,13.258055422007565,0.11288467936709311,0.02453411578046282,45.89999872204349,40953037455360.0,16.0,122.50909372331853,4761300218430.0,22.518381131041647,277804610270.0,2500.0
034730,0.40838252592574187,,-0.03670872018649288,-0.0038697095720690976,66.48899956061777,29987103047680.0,145.0,406.2726537356573,206970264000000.0,-2.484026383109051,22683670000000.0,1500.0
042660,1.7851806096394915,48.0941632200925,0.0632907812260056,0.012214153911155603,46.427967151494855,38631716683776.0,,52.602276149888226,13944772692390.0,52.429696311475546,1799307748620.0,0.0
086790,0.24441687036173354,2.8103389926465048,0.0900699048145258,0.005896812900303613,99.1991080153121,33937072062464.0,362.0,246.90581257025653,591925995000000.0,10.283816330987865,34480458000000.0,1800.0
042700,9.63523444185218,20.625177100863972,0.5554444878935905,0.4531058145274904,43.97900026400851,36992670760960.0,21.0,0.19505547329580195,723839103740.0,-51.46142156615527,179732421450.0,0.0
035420,1.4146127189542106,32.42800001287315,0.044061740618408216,0.029074297272390373,100.05551801179544,32139236081664.0,122.0,18.00773894881837,35737826964390.0,17.64660557587282,3576456533320.0,1205.0
051910,1.044107245657713,25.125004213668824,0.04204101878823554,0.01839668928019556,75.93619398455705,33619156402176.0,47.0,68.11537618654967,77466694000000.0,8.368501255441714,9084899000000.0,3500.0
010130,0.9004643434250471,16.036759436522477,0.057208610902857816,0.043676417626338414,27.509839131221923,28348101165056.0,160.0,9.859904806641708,12046071311650.0,-13.501995177037108,676775222860.0,15000.0
009540,0.7594024183426087,33.922026639962226,0.022602111548142997,0.0071374575298158455,64.86500035424069,31963014496256.0,200.99999999999997,40.529896062482976,32242568184000.0,23.085081084709184,3018390965000.0,0.0
015760,0.32276014321102114,,-0.12626053896613948,-0.020326011197349867,47.399999922425565,28278517661696.0,350.0,383.42738213481846,239714965000000.0,23.99906478074512,4342887000000.0,0.0
000150,0.7340814260575073,,-0.22740525699719252,-0.014222074308316499,78.14994894123159,29559424548864.0,28.999999999999996,480.69031717425344,28286809000000.0,12.558249140101694,3539167000000.0,0.0
010140,1.8623507621139117,,-0.04215984565170964,-0.009856891625646342,72.06868998200076,27290104758272.0,,107.03386465440934,15593389152390.0,34.73301873308468,583811700100.0,0.0
003670,12.483408171600272,1021.4614636413245,0.011914884576276558,0.005235513446605497,41.50600097695028,25794392883200.0,9.0,127.40928766562361,6334593297870.0,44.15484122780372,389579199480.0,0.0
066570,0.7883726224060078,21.74654255416457,0.03688359391406369,0.01235564889444983,75.41303049237086,27676238675968.0,88.0,73.80633391091493,60240793000000.0,-1.4432642965717433,8487563000000.0,800.0
064350,1.7451282837611841,18.20531584524298,0.10063602823993827,0.03199644663406635,66.2269996471487,24338732417024.0,27.0,35.41533687771826,5241484775000.0,13.40476690515962,396141243000.0,100.0
316140,0.2423589523104926,3.06218902400237,0.08295041147447993,0.005122838915518351,98.19331421058308,24014625964032.0,420.0,237.1019836149951,498004936000000.0,3.2554925931665486,30556618000000.0,360.0
267250,0.5649656262535561,15.6526671730762,0.03570968534000662,0.003960662171355065,63.34300054493923,20423177666560.0,180.0,269.30048036486,67982820888000.0,0.7915157588406126,4400502623000.0,3700.0
096770,0.9817862296485705,85.06649091453586,0.012244864485757982,0.003461569531835721,41.997171934835016,22509902626816.0,184.0,137.5285619113291,80835513251000.0,-0.9844782404156758,13074425609000.0,0.0
272210,1.596528336238885,9.782564988581571,0.16869954391741288,0.08286344270191129,39.14700006221079,21672520318976.0,43.0,15.42577023684795,4483210824740.0,12.089445157398847,476088816040.0,280.0
000810,0.5374437938402259,4.762606030363371,0.12711990305266022,0.02193327765050999,88.15631981845269,21212247883776.0,391.0,,85019029989420.0,5.787842622669434,1741176013300.0,0.0
033780,0.9477037520666421,9.632196815063622,0.09763759955422509,0.07199935806444306,86.84150083061667,19074459369472.0,331.0,6.598662256571407,12772452000000.0,0.19144116815684983,1031953000000.0,5200.0
035720,2.5714485329557353,,-0.10255007460626742,-0.04206384219504126,69.6144358339158,20271457107968.0,16.0,45.899957226688706,25179968939320.0,11.152950069734683,5389190634440.0,0.0
017670,0.8405802215677678,8.75394158446239,0.09632213617378607,0.03560656695571587,69.11895713340098,19915582996480.0,266.0,93.55615913747297,30119227000000.0,1.7540506997612768,1454978000000.0,3540.0
011200,0.8487444243729142,18.787065092020043,0.04588296702621257,0.03741056734197602,29.486999977322796,19430702579712.0,340.0,14.119292148894749,25713363000000.0,-54.79162148592487,3249802000000.0,700.0
086280,0.8032898872172932,5.8709012518009205,0.14514821798996413,0.07419784996281291,54.086,18825001041920.0,231.0,44.93211184213386,14725019903930.0,-4.813170024914288,2290825258000.0,0.0
138040,0.9720148128633587,4.561655993022627,0.2811188056007016,0.021355726637360278,41.77206124827743,18537701703680.0,103.0,180.16753456338063,102235842680180.0,-1.160009734289596,4928102291700.0,2360.0
079550,2.577398531540678,15.50248823522127,0.1760591609566005,0.05124478300604179,61.27278470147973,18350010793984.0,35.0,23.958487434103034,3815758833280.0,3.9544816189701266,445436760870.0,1950.0
000720,0.4500340918225077,6.832884888453341,0.06773594025226552,0.024017458980321493,66.0214475649285,18435314548736.0,49.0,29.45530046698574,23714495000000.0,39.607526351656816,4205665000000.0,0.0
024110,0.2400077878458496,2.8459638259210753,0.08789027102862351,0.006070131131223722,40.267000016943264,17383883276288.0,480.99999999999994,716.2896534796789,448427279000000.0,10.070440795064043,28333592000000.0,0.0
003550,0.4300574656510508,8.909583367540971,0.0489022062115878,0.04212012664835678,62.72587801667078,16792728633344.0,285.0,2.295261606135455,30253085000000.0,3.6090936429470304,778904000000.0,3100.0
006260,0.5031576283795046,5.463251930012462,0.09630852731107914,0.024559062239548932,59.91828419230455,15060053262336.0,46.0,161.00729920222543,18245954000000.0,39.95923582289703,1701163000000.0,1600.0
047810,3.2817940414432254,23.401147673506664,0.14810340030706454,0.030045950291601894,67.4189996016111,16258847211520.0,30.0,39.86145420725353,7139576928720.0,37.04691379805628,658119624490.0,500.0
278470,,,0.5505865760654941,0.3466796054038713,65.08195983482626,16248160124928.0,127.0,11.291662845736283,287309488240.0,31.710294590394085,125334572530.0,0.0
307950,3.2377906559393215,37.13210164275267,0.09008034197635724,0.05044007913300412,24.542998687676484,16234484596736.0,32.0,12.572655735743176,2843057165000.0,11.272689375446335,482644959000.0,0.0
071050,0.32293602439884933,3.824982968688997,0.08807910545121345,0.007759975544101055,87.99291705475277,15679530991616.0,324.0,407.71430692860423,95901185591110.0,37.442128892843684,13844783516000.0,2650.0
030200,0.43987463599125765,7.4088266611232365,0.05958622597643923,0.023712287553079914,88.66893989358009,14280178008064.0,405.0,61.07465631566181,42791647000000.0,2.5287634724717623,2879554000000.0,1960.0
011070,1.128790855192951,9.415713533265379,0.1258747549340584,0.05383396914227591,59.1930015698193,14766653308928.0,30.0,58.53833047883914,11204305524020.0,5.185866168410492,1389646340000.0,2610.0
018260,1.4123796172652405,17.634854171513485,0.08215315249651771,0.057134196187820056,59.95292887854207,13567221825536.0,182.0,10.023369076057222,12321024561020.0,-22.964681466020153,1787694554180.0,2700.0
047050,1.49010216014869,13.495580335894735,0.13362632326510485,0.04626098169281513,26.893000065176647,13294669660160.0,237.0,101.71727055599808,16617748008000.0,-12.78446850703212,1136862750000.0,0.0
047040,0.4163787313794275,3.2921589630868713,0.13187777792693775,0.0457221134214286,47.90399992484528,13497596379136.0,,66.85328290088819,11243136483400.0,11.79155965983047,981645297760.0,0.0
001440,1.7878560629078026,23.71033998996791,0.07833494114709748,0.04036551051940215,57.89176657214895,13431358881792.0,,44.72987539895234,1878565100000.0,16.054954325025466,289331472000.0,0.0
0126Z0,,,,,,,,,,,,
010950,0.8627052778520748,8.217074836466102,0.1083095894911225,0.046072594946964085,39.66455637376625,13597930422272.0,28.000000000000004,64.57420776503405,21576123000000.0,-15.830301011910938,1963279000000.0,1700.0
005940,0.3976974026456768,5.440271615651117,0.0750163193254517,0.010105500818334173,,13732881104896.0,355.0,195.8002459083481,56697893000000.0,29.97943046800915,9291408000000.0,0.0
259960,1.6141791940270787,15.0594786394436,0.11164113493935796,0.09542395566588563,61.044422236583316,12311520608256.0,82.0,3.6684550778341243,6440456619590.0,3.0506795517689635,721048785940.0,0.0
016360,0.44293329449844876,5.358764889852194,0.08540791520700212,0.009920708661433322,70.023,12251960442880.0,292.0,122.71679580569561,56507909508830.0,17.53566401002093,14326316267000.0,2200.0
028050,1.313515810970915,6.052085272148485,0.24449103009138992,0.09633387986337315,,12230399623168.0,127.0,4.103059794939577,7801398613120.0,5.674893687064015,915023632640.0,0.0
323410,1.9782568227867299,34.099635670874584,0.059987810158944575,0.0075509788729095145,,11268234674176.0,192.0,1.906175758382162,54488157000000.0,26.958315510603946,2733244000000.0,150.0
039490,0.4548850733434715,5.06795696244151,0.09266103518273357,0.008718329740244784,57.070098196687965,11716643520512.0,254.0,209.92353311855743,52046420344890.0,36.254837407233396,14300945917000.0,3000.0
443060,,,0.7158787217030098,0.25690550863731676,33.35441828801217,10781936582656.0,173.0,60.75475799296011,656618146490.0,7.247315042516121,95712021390.0,0.0
352820,3.4984493748176826,54.54308108827745,0.06581977581184244,0.036658397502373964,53.82879876804554,10534568067072.0,20.0,37.87739637529406,5345681487000.0,22.629471303201896,357864096000.0,700.0
005830,0.3975784231516213,2.340908641191773,0.15625621373478685,0.02954850179069813,74.49499961817817,9981915037696.0,462.0,12.481911487098763,60040428590950.0,7.147441761592778,1547601203000.0,0.0
007660,7.81067928624492,43.662729213887815,0.19514390700995088,0.08140736402162049,73.49099981570436,10358040297472.0,16.0,86.05987992743856,626436318500.0,5.04140414922669,47962800860.0,95.47287
003230,2.8798217554798002,12.882591543325194,0.24811358646148873,0.1205233992898867,56.26500376501985,10143053905920.0,38.0,60.46859091272496,1170302770890.0,31.22845056645715,218684811270.0,2100.0
062040,,,0.46183643133376834,0.24150957187340477,53.99773072230797,10113736769536.0,38.0,14.514308804544878,191302264420.0,99.24737235409465,21183848950.0,
000880,0.1521108642541847,4.313999474485942,0.03522370324069364,0.0018710395723591019,32.52003063560697,12572727181312.0,78.0,283.44415526406874,209738149000000.0,4.417815717028473,8528739000000.0,750.0
003490,0.8355074468888587,7.500286011809511,0.11459550940127092,0.03573580176597771,71.67958143353246,9990413746176.0,277.0,114.91568593532675,30391776029650.0,14.299714302879366,622787378170.0,750.0
005387,0.03399176762273358,0.2628508182595959,0.13682527583407714,0.044450344541705315,567.6492284930456,71087949873152.0,372.0,136.0108306283628,282463355000000.0,14.42975591057733,19166619000000.0,3000.0
267270,1.5042312425617108,17.009011984848165,0.09172934927962519,0.04133658922619505,23.194010693956496,8879574351872.0,30.0,51.71198874017393,3296953373000.0,8.79946256730195,427663865000.0,700.0
009830,0.7492319673044306,,-0.01655602536540582,-0.005801395002733351,,8130534047744.0,112.99999999999999,117.77978246193163,24790423705500.0,-0.39766727389736256,1958054672540.0,300.0
066970,7.245556206135641,,-0.1635026974506761,-0.060957796610139815,78.64058490828376,7359431180288.0,,165.3113280022389,3351444610580.0,19.468471127637184,241265504590.0,0.0
000500,1.0261952338509297,18.97842633450175,0.05645434512757131,0.023033144115601048,18.360997913633557,7891066028032.0,2.0,56.462106961057536,801805532000.0,5.7998435684810445,71011596000.0,0.0
326030,26.55656181339349,,-0.1095644242055808,-0.047401717668325474,49.758000083000006,7784336719872.0,,62.7629905213038,723170577180.0,44.15989280129364,239700042440.0,
377300,3.3101453223833164,2469.262677868471,0.0013662069834176336,0.0006896112656299437,26.750344017447876,7707781758976.0,,5.8161243197449695,3966486618370.0,18.029340959633032,1257257788750.0,
161390,0.5224241152443229,6.929100910381534,0.0784567101940034,0.05683385529403696,55.485999598667924,7575501275136.0,370.0,12.214422468265628,12763305688360.0,6.497560716815409,2243874564540.0,1300.0
180640,1.8710102291296058,13.328750349829079,0.1478569074129975,0.10003615990357442,30.534222775708418,7678082940928.0,32.0,22.46326314977512,3784921894230.0,37.63213030052635,43967634210.0,300.0
090430,1.524544036834205,41.460977673003754,0.03714741640457815,0.03081747333356364,66.54569535725005,8919123492864.0,96.0,7.154025780911967,5886510888700.0,-11.14816064373379,506379386490.0,910.0
078930,0.25160334805366563,2.601824807527304,0.10048063645026631,0.038047047281255866,47.87697724200727,7517208313856.0,378.0,85.83433878532676,34448425000000.0,-9.110532023548803,2222015000000.0,2500.0
000990,1.1591589109239226,7.635956021232942,0.1565390776677285,0.12621977733208517,70.62305111035573,6765621018624.0,48.0,6.31896597800324,2043378694130.0,-30.86314870143302,253329763800.0,580.0
241560,0.6837991932606764,4.418872824740988,0.16785893979191807,0.09393189346475238,51.680000132060364,7168963641344.0,227.0,23.842112725648867,10371754373000.0,13.187274514976624,1400031809000.0,800.0
000100,2.356498825157577,35.49076387691192,0.06747355269447856,0.05154111171565295,84.10277682172523,6474573021184.0,69.0,9.587904603955185,2812305590750.0,4.681530537295408,299257957180.0,450.0
064400,,,0.19048231742046912,0.08407033602558071,49.80200018273032,6878902353920.0,261.0,32.7071782384076,4040679600000.0,12.790615052926174,504568258000.0,0.0
103590,1.3718114369232792,14.740477537620079,0.09647463116526345,0.03906360528078393,53.5590010409363,6870294069248.0,35.0,50.60155356743934,928888144000.0,7.042597053408603,56717296000.0,220.0
052690,4.1605941415895575,69.7340888585816,0.05987674432709363,0.03907174635319821,33.56600029361122,6604352126976.0,78.0,0.25411559007540196,855008772800.0,7.876850651550268,52159068350.0,515.0
082740,3.5953460275662104,,-0.001913195906885021,-0.0004074616225464359,63.598999994426165,6623987761152.0,,99.17720223486765,1136858165260.0,11.794885289910995,102831937300.0,
454910,16.130836970932926,,-0.0659236441181716,-0.06116493421934862,50.015000004628206,6546817810432.0,,1.1852527057602638,456422079720.0,17.98450960440288,305423576950.0,
001040,0.424847397516054,12.026130132241018,0.0364209604561911,0.004081772633172595,55.95252204902312,7443867762688.0,149.0,328.6672957695677,47203762893000.0,1.0453503794585233,3646474585000.0,0.0
032640,0.4661797413765159,6.341907785420371,0.07486450505871223,0.031235946067507025,59.99580558818439,6543846670336.0,438.99999999999994,87.0625605952266,20100605000000.0,3.3556474583974247,559554000000.0,650.0
005385,0.022425222112844718,0.17340928095990527,0.13682527583407714,0.044450344541705315,851.4363499651934,70433370013696.0,374.0,136.0108306283628,282463355000000.0,14.42975591057733,19166619000000.0,3000.0
021240,1.326589679335016,7.43059774690167,0.19028241690792772,0.10227844196360167,68.61307546574977,6143292735488.0,80.0,51.113563880271194,4850965736390.0,2.8626302527291374,260275917320.0,1350.0
353200,1.5616681852033185,53.434565751660394,0.0294521549431888,0.021884105207658138,74.66537628555399,6346333224960.0,41.0,2.320203459544259,1127535530250.0,-30.886129116305682,76565618160.0,0.0
034220,0.8440884195418132,,-0.3195159636018972,-0.07652683520180896,61.175999999999995,6164999831552.0,,229.56409282841608,35759298000000.0,-18.434545624254042,2257522000000.0,0.0
011790,2.499395352252863,,-0.17571432244642132,-0.04104660514213981,46.30623902744069,6443145101312.0,,244.01176979957233,7032322131680.0,-37.423807249622214,531046016470.0,0.0
010060,1.8528702762092963,34.908161396587445,0.021325570494187054,0.011951489114038323,69.74799777528207,5946468728832.0,31.0,68.86382472512508,1990471193000.0,-53.454007350277685,280346795000.0,3307.2761
029780,0.3475696978350087,4.639989228976061,0.07605901281351407,0.020860570124594035,21.951063105717754,5431574396928.0,550.0,216.56864635383891,28806533713370.0,-1.2006878921032418,1882659256000.0,0.0
004020,0.2166424387927765,8.972137556364551,0.02439287989829896,0.012807443718131783,63.51699996911341,5643312300032.0,117.0,54.7172702389199,35218841930040.0,-5.215103973897585,1385746851110.0,0.0
336260,2.995485442380215,,-0.016413953420462007,-0.008103929894089104,61.728999829840895,6804621230080.0,,74.92618184891407,1070842523160.0,-16.422472171911508,50173401450.0,
450080,18.807487890753592,2978.8976597244564,0.009062635036575463,0.005801873954209934,45.33813196304459,5651755958272.0,,31.649902913235767,1104235205790.0,43.1831311634186,377351279740.0,
128940,4.75192963301786,31.04806850754405,0.16005091611466407,0.07649565195276833,49.385996166941666,5528573444096.0,46.0,59.95832635412002,1898668375960.0,11.966600612073215,54980324300.0,500.0
271560,1.5384459956256804,11.691723062249032,0.13908192996709592,0.10928268683565626,56.18099902278815,5581464666112.0,248.0,0.9994719832809631,3521385127840.0,1.3612224512049,365849669840.0,1250.0
138930,0.17888948043582345,2.8590208291909187,0.06376347041923065,0.004525953046183219,79.30900012826146,5554853904384.0,426.99999999999994,200.38689254428675,145783633894260.0,2.149171232752262,5359109750090.0,100.0
036570,1.35605846375136,20.773069453420625,0.06582131027064651,0.04804181736311656,55.010814011935786,4975321677824.0,45.0,19.76417368749708,4393800423900.0,-30.794061777248466,365199572300.0,3130.0
088980,,,,,,,,,,,,
002380,0.2935607356702142,7.146857082777033,0.041313205376695715,0.016067024004212685,61.88300489613309,4456627830784.0,248.0,102.37791384906356,13353471078390.0,-7.178831748217427,1045142107000.0,1000.0
175330,0.3586588528277184,3.0620194827971474,0.12233642166264137,0.009510197969060587,66.99765559188235,4946494226432.0,496.0,271.17125076682623,63403970000000.0,14.453007424178763,1902775000000.0,120.0
022100,20.236072652951723,101.18650388426353,0.21083050815042276,0.10552358644587209,34.392000174888416,5351743684608.0,35.0,0.5269024496536071,889807220460.0,28.906146013235556,60162678090.0,0.0
018880,3.0329266126177723,141.08357456534708,0.02213043585842657,0.005559036786020251,34.62106039402288,4894644764672.0,,174.82877924436488,9244404434130.0,10.360790298470949,778560330720.0,283.23318
004800,0.45551688601883605,16453.90352963701,2.718593175722437e-05,1.317725331772844e-05,44.13299896324856,4396729761792.0,190.0,52.16037129984817,5088858301840.0,-50.33490108509022,147661908110.0,3667.7126
011170,0.36600418579666155,,-0.003337485622786028,-0.001660881267678252,16.97499951798968,4212498104320.0,100.0,64.4281230992225,33476310224540.0,-10.458239711639907,2701527699210.0,3500.0
051900,0.8862934662771834,33.733431422379844,0.02650311137994749,0.019658935681929005,78.02533256797423,4616290304000.0,73.0,6.381179950693607,7220285811720.0,-5.301037850540172,910348037980.0,3500.0
088350,0.14375253473505706,2.4710875018796092,0.049883296081437545,0.005156003465184129,36.25800002062843,3606673358848.0,,84.2306227759732,147901842899940.0,21.986761507889867,5267915428000.0,0.0
004170,0.33422666859725947,6.24855729693657,0.05409867585974734,0.0154713821359984,68.67357514489863,3756951339008.0,121.0,114.14702538475392,14751983355120.0,-18.631924586155613,802458635590.0,4000.0
489790,,,,,,,,,,,,
023530,0.19828448662283893,10.793461284260882,0.018299349497901473,0.0055944949766111515,39.93900031976637,3904175341568.0,290.0,150.18656227841848,30644698696530.0,-5.945784803555626,1589717984770.0,3800.0
017800,0.9227257044722424,3.7205444714747897,0.2614909500734227,0.09738634299934848,67.62399964858113,3534685732864.0,1431.0,72.53677131024324,3535433379180.0,22.20438012924639,387608846420.0,4000.0
011780,0.47905549253689855,6.250059467820642,0.07765803996597177,0.05693028881959804,76.9983545400275,3918423392256.0,112.99999999999999,15.145100707817097,7979694633680.0,-20.726872062129797,452439485950.0,2900.0
111770,0.5451526359256468,3.430363158359763,0.17025018704423214,0.10518245458065555,46.875999762406636,3596329418752.0,249.00000000000003,21.114113195395838,5297123640650.0,-7.839093408490651,896394078480.0,1300.0
375500,0.2882417547455104,7.316880436770537,0.0412047226619993,0.02051029332349967,81.80244552950353,4050166218752.0,93.0,26.61769042077576,9344058758180.0,6.592657882219265,2004092329460.0,500.0
020150,1.4575436606252563,,-0.022495392842486268,-0.013496702310998716,41.05099958726613,3738894073856.0,,15.8906006204261,2392246607930.0,10.919548114848535,551987465030.0,200.0
012510,5.291747915579267,57.838185263553555,0.0475473505262028,0.01565272088074089,88.37105051904891,3364885102592.0,53.0,190.8728988239833,936627620860.0,16.538735025567593,58545528240.0,0.0
251270,0.8840687986427302,,-0.04897717907505357,-0.030344102740977645,28.021999407307568,3523186524160.0,204.0,36.97171365049732,7915865389290.0,-6.409521419125591,430338258320.0,0.0
036460,0.20559976681164993,,-0.0768354459391428,-0.012720809356469338,57.08910023867656,3316466319360.0,304.0,423.0405037843136,57254666000000.0,-13.858657313748893,780588000000.0,0.0
035250,0.7398989835399625,7.982656940959857,0.0961189537690647,0.07912775724305221,55.631734976139704,3260600287232.0,584.0,1.5530981762565748,4448655838220.0,9.277396300329894,166186546140.0,930.0
457190,10.727403253756368,,-0.06532952107889424,-0.02847105760431587,,3475170394112.0,,100.85388927689955,217960142410.0,,12449823520.0,
097950,0.6174280093664716,11.441445445250729,0.055500123643139526,0.012946338748230632,62.280182071309156,3669308997632.0,262.0,156.4529711195402,29606279551000.0,-3.510828808138939,1853610633000.0,3000.0
302440,3.2223563921478693,246.01210425748332,0.012954490206555465,0.011174586270592845,33.073999988856976,3317788049408.0,,1.207469221848668,1852439180080.0,-19.09686331381827,127025638850.0,
001720,0.28263940416135575,4.293869441341669,0.06661070603196557,0.009057680194365748,38.09400385119778,1611466407936.0,243.00000000000003,32.80045970730025,10198800404530.0,-3.6555329149410585,707050937000.0,4000.0
031210,,,0.08337431917836141,0.04751058536813245,19.015000200940687,3225757941760.0,620.0,0.7864731287336002,9129738234350.0,7.2964498179701005,212163507370.0,0.0
014680,2.6809248073556673,21.51731561491111,0.1309462715133888,0.0809020462155379,75.63641559919063,3118229094400.0,91.0,34.286704927763154,1350979663140.0,-12.8537441727378,67090723190.0,0.0
071970,1.8738574541409243,13.347100413073973,0.15157170270232576,0.07271360762212183,64.90999963356543,3215755575296.0,,40.277565099711325,454013908210.0,37.70286661267572,33895601420.0,0.0
028670,0.38652193512570443,7.434729491989805,0.0532353243091021,0.03181753967178103,45.071000046108125,3196725755904.0,250.99999999999997,51.70037198587587,7853946000000.0,-32.0752324809137,952781000000.0,85.0
006360,0.2731671866927078,,-0.10538811226252613,-0.027814730096911704,49.30300011562172,3170600222720.0,134.0,132.02893426270458,17707298538010.0,9.248479899490093,2244924955930.0,0.0
383220,2.257022385767554,6.85227446270066,0.3843350777351915,0.2377851215850343,32.780141497078816,3119315419136.0,325.0,20.097168214660634,2005097998970.0,9.375946734949599,219989971000.0,1700.0
439260,,,0.2500019263033508,0.04626998799312954,51.70729241956873,3146128818176.0,30.0,201.42506378782582,812858702400.0,17.687387781751273,68432707620.0,0.0
005850,0.7373574685975336,4.238193162364901,0.1883274657539722,0.1088009106245233,33.305000827046314,3145588277248.0,405.99999999999994,18.848451615754353,3235734467240.0,15.913348291416831,313793458700.0,900.0
00680K,0.03967710560547653,1.3672881329052209,0.029193728645531433,0.002742112671500358,244.95201356546957,13323079778304.0,131.0,283.71267184627953,128206948648960.0,-10.950809291831654,14759700888000.0,0.0
139480,0.15391370358252965,,-0.007863096098543295,-0.002673625651545755,59.86876087529532,3024404873216.0,221.0,100.75412330381776,33443865586470.0,0.47672192716468487,1771232861620.0,0.0
139130,0.19272997028830066,2.9561434875157317,0.0672934031222508,0.004230726459498062,87.77830220283468,3067929427968.0,366.0,262.4596973078211,93359783776420.0,7.5048659966138604,5067699143000.0,0.0
007340,0.6888556802291771,2.8561201430844334,0.2728585132802075,0.0600025516861714,41.044231638218335,2645052096512.0,98.0,212.70087434622914,4567386501000.0,3.575836130914161,442144983000.0,100.0
004990,0.2378906616824587,,-0.0021996120368158985,-0.000677521043789533,39.01889971513432,2092298534912.0,426.99999999999994,132.99649001400033,23160430746450.0,7.425840091729492,1579854555110.0,1500.0
204320,,,,,,,,,,,,
009970,0.3284595858546722,2.0812772590136577,0.16884104142150494,0.06263576801600672,45.62040958912349,2425423659008.0,315.0,27.23115233893023,6379343146100.0,-3.9348411173547984,1183867828810.0,1600.0
012750,1.100730916943624,9.282585857973169,0.1214267795989467,0.08905759075937805,58.775999779238475,2464766492672.0,438.99999999999994,2.4312737486322655,2179505358170.0,6.193384325959779,241861776470.0,2700.0
229640,4.298152378780702,151.28867630819263,0.028148862674034172,0.009025521653949785,34.98900142893056,2732514607104.0,28.000000000000004,107.06851508789279,408424609720.0,-10.681420198433496,23875776790.0,200.0
000155,0.09950384355943562,,-0.22740525699719252,-0.014222074308316499,309.7770830541166,11755621187584.0,73.0,480.69031717425344,28286809000000.0,12.558249140101694,3539167000000.0,0.0
120110,0.4463207981696788,29.24422457752415,0.015802673769051406,0.007122226852976077,71.52073379190537,3004814327808.0,141.0,78.94912552467741,6002718764680.0,-11.785179131337118,174054756470.0,1300.0
103140,0.514937251427244,6.47111419160354,0.08220741879826107,0.04434296204294203,60.90499994178869,2594856501248.0,179.0,35.74377653684763,3660628679310.0,-5.66475063416993,407883024570.0,1200.0
001430,0.38916423822369806,5.933099763071843,0.06678364230229841,0.03427728080958842,37.97200048329548,2653796958208.0,162.0,46.56990363698729,3665171000620.0,-6.904436803632939,97264808990.0,1200.0
051600,1.0752551143051448,8.411530903241813,0.13075227403916984,0.10298134884443405,47.865,2650499973120.0,280.0,0.6339985684711693,1597333550830.0,7.331733256200672,49082349360.0,2158.0
001450,0.3672475228784535,3.8712401088439097,0.0738197840025773,0.012717318117528374,71.66000743930347,2462528831488.0,,17.919954456686717,44087986397210.0,7.269304321890677,1444951209000.0,0.0
483650,,,1.581413834865017,0.23184805023087807,70.67903497391225,2616909889536.0,124.0,9.235934073811945,78003609120.0,38.28849111704123,41316802890.0,0.0
112610,2.875528411287597,132.98544043726577,0.02182752644745388,0.008329654800754819,59.52999950770632,2507040096256.0,165.0,106.57688836201167,2869361277710.0,10.565823223384086,207120648760.0,500.0
008930,3.2011657461843535,21.898081561025087,0.15225164281294762,0.09856880500817124,34.72150675078986,2512178380800.0,81.0,27.140849093134356,1226170046390.0,19.296530346150874,27578958560.0,200.0
026960,0.977398866486473,10.849230375802133,0.09231502840890192,0.0872154420237094,31.157598959945513,2501348425728.0,450.0,0.17092555603545764,1694019807600.0,-12.002277521974767,35097497310.0,780.0
008770,3.854878909347986,27.280615603342074,0.14976036321486585,0.02892427005411115,95.68983433109815,2430200709120.0,,262.97112529961385,3006538770200.0,-27.499799797510615,411692316600.0,200.0
011210,0.4534705935500839,16.815994177807216,0.027258222640856578,0.012727349642605568,58.34299862638731,2407095861248.0,133.0,43.06702043880286,6825905000000.0,-0.5121220369281498,471826000000.0,0.0
007810,1.1130898259272823,,-0.08052258446925661,-0.02893940596884047,50.34549180273184,2834109300736.0,10.0,60.201216328800186,1236457010700.0,-16.57241065644142,89526523550.0,0.0
018670,0.47246478962718647,3.855523005354269,0.1285220287161249,0.05309745610518646,25.046000876969927,2368877101056.0,342.0,109.93921499064723,6081811411170.0,-13.313776486274065,493752033060.0,8000.0
279570,,,0.006991905990189393,0.0006733744297412857,,2413886177280.0,,1.0956777641424387,21421777000000.0,24.710861516744423,708016000000.0,
069960,0.22752925915448582,,-0.017625132084386052,-0.006708488351226302,57.22688137303672,2391367745536.0,294.0,63.66166040929823,11712592639000.0,-16.087970574448715,164051282000.0,1300.0
097230,1.043860196130789,,-0.31413696237096145,-0.041774316534030305,62.86714399916898,2406212435968.0,,226.44449856657855,2890585000000.0,20.910286142818077,350257000000.0,0.0
282330,2.0200717917211297,11.082605250034572,0.19228001405948372,0.06353121950334621,49.67599738697766,2394317127680.0,296.0,82.86368733275894,3219078523110.0,7.602442715769536,302293600930.0,4100.0
192820,3.5422124571990166,22.474192478897255,0.12109924850771438,0.03869080431689934,55.44699815665229,2382589067264.0,157.0,164.69193894698412,1557077274810.0,11.08467105738439,256890168000.0,500.0
017960,1.2562382113418247,,-0.03132064402554933,-0.019523590149966914,38.12099910128994,2306842558464.0,70.0,30.427448542407866,792428141670.0,60.97056092635423,66697909040.0,110.0
000240,0.32024938550764853,6.870230648613444,0.04756285226495169,0.041873689378573734,22.200000033784445,2377425354752.0,438.0,8.452202775197696,4640995961700.0,-0.5682760631058541,196740517700.0,700.0
005440,0.1901192279936282,0.4557787700769856,0.49807042148424285,0.2735942009074107,22.844000307598954,2319856173056.0,158.0,10.78515908022564,5051682271000.0,34.36362012642986,76551992000.0,200.0
009420,10.99269825323226,583.4344022744863,0.019796088458782137,0.01548376561704612,67.7608023642994,2240303595520.0,,0.6930195131544397,239746992700.0,22.65041478184658,33722513720.0,
004370,0.9916481289760511,14.019003827951423,0.07261944218644137,0.05483862853230277,55.68271155856287,2296197414912.0,159.0,2.5126811154759303,3234751426450.0,8.996110354080008,142899537580.0,5000.0
000120,0.6838997318562118,10.96379144441117,0.06266613576910811,0.023600274139150407,39.26700098054016,2006479929344.0,80.0,89.28676606061767,9357587266740.0,-2.99091408086561,290135224980.0,0.0
161890,1.9034722974156533,237.8039677401867,0.007910019776851199,0.0017472802439706188,61.669000274813754,2209435090944.0,92.0,170.02693738210775,3009429377710.0,15.54052128138577,170839479000.0,600.0
322000,0.8033224238132645,,-0.0076056709675879335,-0.004959598371007753,46.43558035714286,2208640008192.0,,13.007457594953706,502056913850.0,-44.545803981102445,104929856970.0,0.0
077970,1.8969095236397693,86.63682248360784,0.021869206931418427,0.006487428178563732,38.305044056411695,2207632326656.0,,100.67073869497314,899134400310.0,15.873639041529605,86615747310.0,0.0
030000,1.2987837694259188,8.921218276497378,0.14992546671789495,0.06640792122500505,67.57700000666478,1943538761728.0,641.0,13.424120101643606,2889504607290.0,-2.7059140895818152,607166631390.0,1110.0
361610,2.835142345223192,83.22258709233719,0.035827308881892624,0.021674283755092682,37.30699951459337,2159179595776.0,,58.78163077435079,4083815083000.0,10.673220707225516,538288578000.0,
007070,0.5695385988784802,130.74917045649931,0.004360926029234805,0.0017789815652158882,41.32399950745277,2155992317952.0,233.0,80.6171671263863,10042015942610.0,0.9269184688938132,431765530030.0,626.23505
003690,0.26314288221996024,3.0153940600008173,0.09512192943477729,0.024594903776705066,64.98900009246778,2140091580416.0,471.0,,12066324170936.0,-17.723333456406564,510175242911.0,0.0
085620,0.20704509791817174,6.156980007836425,0.02855482242956876,0.0029766462300350248,7.5170003065603925,2061584039936.0,,18.21651363238557,33092023489390.0,65.87055190830715,1366205271000.0,0.0
298020,1.11203467423273,15.209057829087756,0.0746373707473523,0.02221527907011852,52.046999592485044,2096576987136.0,206.99999999999997,102.51359028292771,4070471419190.0,-15.263448197514473,100628602680.0,10000.0
023590,0.27481017681732817,3.0632560950296472,0.09349131089972032,0.004404866189572969,48.06984910076741,2084185964544.0,373.0,810.9798832571945,53342459330150.0,6.997706581231647,1842163320480.0,700.0
005070,9.847479460488502,174.38781460823253,0.0740733988956148,0.048107510939828825,39.862064690848015,2055254048768.0,,11.758161775668368,672673343820.0,29.648265014085638,60397391930.0,
002790,0.5928168824909633,16.513823521919342,0.03572064941890534,0.015612907704053323,52.39927692325662,2445813481472.0,147.0,11.25826879336769,7631430777860.0,-10.536558816523417,628997674830.0,245.0
081660,0.9984618502806014,44.744067271104235,0.022501240336234407,0.008688161652714568,58.57377706253918,2022799048704.0,745.0,78.13751860347739,4980149550860.0,-5.095580379178685,585613513340.0,1090.0
003540,0.14788661958871863,3.341771058330793,0.04693422151586232,0.006095186827287774,150.4381595245801,2672018325504.0,305.0,306.12100399170697,22643488792000.0,-31.55236839141996,4074882999000.0,0.0
395400,,,,,,1879905796096.0,426.99999999999994,,,,,311.544
001120,0.39284437632011826,7.623710161543099,0.051654046863010596,0.014901399472581222,,1715669041152.0,419.00000000000006,112.10050243320819,7995340730860.0,-22.6295389269746,1138908037970.0,1200.0
003530,0.4330325864297014,73.25750316738272,0.00594409614004071,0.0007332704538949599,102.32786784863363,1864501821440.0,,213.11832359010702,13250183608170.0,0.3547406676365351,1223146474000.0,0.0
462870,,,0.9916475316792726,0.7213153389954622,22.137927427324655,1807521808384.0,,5.200685334030338,203918102460.0,155.16404800047613,116136433400.0,
475150,,,,,,,,,,,,
003570,0.44232442775843683,6.257549370875722,0.07285124327526532,0.04983132091989779,40.51700187763622,1245313892352.0,342.0,0.14854817780684773,1056904317490.0,19.099229875624342,60154336650.0,700.0
006040,0.43662748731162876,5.234299911557095,0.08623443007437609,0.03042802590534859,25.120949227578087,1726116790272.0,153.0,115.63955329204288,7725142829290.0,-0.8606845312548841,637868932120.0,0.0
030610,0.24782294716780592,6.8863658396359915,0.03928871691627383,0.004657492219641369,14.392328944037718,1673852616704.0,371.0,,15593363016070.0,10.10419904659346,863443559000.0,0.0
069620,1.6923738173625926,10.666814266515853,0.17703316829427182,0.07303624063711556,46.748998589464705,1670710427648.0,41.0,57.509201188503624,1770310792990.0,7.439848459691195,111506188290.0,0.0
012630,0.1275724956700938,2.8639365694752748,0.04563023638883011,0.00978296529515196,56.79499983243,1376147210240.0,162.0,147.9443211123549,11521215410540.0,17.112975083053485,756026793120.0,300.0
004000,0.5639733759554775,7.383687952475315,0.07783412130653866,0.06750942026743587,55.87500196309384,1594421936128.0,240.0,0.9333216799224423,2682930419570.0,-28.214533379435412,460888466720.0,2000.0
006280,1.0518329686247612,,-0.02026495311035369,-0.010304720777012909,47.769788572472976,1576159936512.0,109.00000000000001,55.683867175808885,2643313917480.0,-4.947600853672936,49706128320.0,1500.0
073240,1.1882398912333842,9.522306278881612,0.13200158119998393,0.03312501405197877,42.18199990867516,1611530240000.0,,177.50478046718027,4830981257390.0,13.54965509433054,258508607090.0,0.0
032350,11.080094334100115,,-1.3287110379049476,-0.11338756024645404,59.33175935912946,1599989612544.0,,1915.321616747122,1764111056270.0,70.71199904390083,33639841990.0,
294870,0.28511831279433686,4.9554670178383144,0.058645889173309866,0.02411683931375909,55.30235548437168,1481978937344.0,301.0,72.48035585696474,7016268809820.0,27.059048708560585,558231008370.0,700.0
001800,0.3503920015994141,8.988630806317932,0.039267569268868555,0.016722678602329462,33.47860127790022,1470830084096.0,450.0,5.09507848277063,5138300057880.0,0.6536752033447266,404731530780.0,750.0
195870,1.8971978048613654,11.57401151618093,0.1754596700166419,0.12523006777124504,61.775000000000006,1487499952128.0,103.0,15.54224262313834,688727319730.0,-19.90958570404738,139794120420.0,900.0
051915,0.06935965878410197,1.669044752305537,0.04204101878823554,0.01839668928019556,697.7328977779988,15091440287744.0,106.0,68.11537618654967,77466694000000.0,8.368501255441714,9084899000000.0,3550.0
034230,0.7866809047640588,17.674670660931866,0.045203707902570174,0.01754845070622722,53.729145420293875,1375379259392.0,95.0,93.69289031352757,3618279367040.0,69.18581001617511,688899183540.0,100.0
020560,3.358090819427877,20.04707035473323,0.16614224367586344,0.008605898670541163,25.017012430020536,1453712343040.0,,980.1816002959896,13016745781130.0,22.82510854535999,312484818350.0,0.0
007310,0.6662914529836419,8.039362725467623,0.08546483059515952,0.04537950659032047,41.25900212454356,1238157754368.0,250.0,46.61738207796603,3496482529060.0,8.520477433394642,324550590210.0,9000.0
003470,0.26173970045630623,6.506143489849614,0.04079471248693625,0.004312168304049348,54.96186806584799,1473373798400.0,307.0,137.37424313052026,16461846690000.0,20.208535569378324,4123213012000.0,180.0
093370,3.946919802936591,,-0.15886981872251807,-0.06033940808948381,53.955047005817036,1416841658368.0,,128.94499976239112,853376951920.0,-14.310110480233067,27797408720.0,0.0
006340,0.9176117788449715,9.576768337527096,0.1001724183507429,0.03998372858508804,74.8218146520405,1412243652608.0,,31.751375963025747,234871662220.0,-8.361273800003868,12853289840.0,0.0
281820,1.350995989072254,19.289198007128295,0.07216169424170063,0.06448028194588577,38.8061815244329,1347467476992.0,66.0,0.9213371422533632,499951266110.0,-24.136686500625576,54244852720.0,180.0
001740,0.47832909911402965,,-0.00032446692844591524,-7.641210045257243e-05,44.17500924309621,1444645044224.0,371.0,242.5827432748843,9110359000000.0,-20.927726667062725,337251000000.0,0.0
100090,1.730555307158571,20.914650056432926,0.094579238126998,0.04334645616460568,51.28599961756217,1346403696640.0,,31.485860499625858,1431906666880.0,33.82413158290968,44777856650.0,
000210,0.26399102849944817,,-0.03438287546802216,-0.011063476545856809,59.514951391798284,1447347486720.0,266.0,150.25238214290027,12119563559880.0,-3.013145966760961,884275048580.0,1000.0
082640,0.21826279530563375,2.6428609959317564,0.061782615572932534,0.007081207153269235,99.8370000045046,1270349430784.0,,6.887131583596213,32869437390160.0,40.80322017004892,1629702861000.0,0.0
003090,0.8630783501920742,5.284784701676502,0.17312652812882534,0.0675781153719733,37.88681830176096,907773804544.0,90.0,48.01541041988701,2359277174090.0,6.863862496236599,161685947360.0,0.0
181710,0.41450486954430393,,-0.00513618825091589,-0.002637144295461265,39.109393983231705,1209169084416.0,129.0,19.436883488510567,3449677276360.0,7.31700124912778,771671803080.0,500.0
192080,0.8632830314008099,5.047677566818264,0.18620984136222493,0.1181046647465986,49.76599981545751,1148968632320.0,204.0,5.661655143462718,1288624909150.0,-5.658609051910757,298475758640.0,833.3333
003240,0.12632526754609885,,-0.00463080024407204,-0.003871190073043175,27.684816742729296,945151606784.0,16.0,2.526770415375849,4738292443380.0,-13.086276060360607,336620840710.0,1750.0
300720,0.47081264574819737,4.391303988964973,0.11211639942437546,0.06386271814199887,32.8206519808829,1169134714880.0,592.0,42.9860091410001,2867925364370.0,20.96878014104472,195623239950.0,800.0
000670,0.22936580962120268,,-0.015762419163674123,-0.010640154152857517,21.039947295817324,1227992596480.0,15.0,11.139685509480724,5568116970050.0,-15.075230121961422,267016479680.0,939.7517
415640,,,,,,,,,,,,
330590,,,,,,1216559054848.0,584.0,,,,,200.192696
089860,0.6488443387480121,7.39905960233537,0.0901276622778421,0.01758714737683381,36.332195425100004,1196979650560.0,361.0,312.48177093520997,6718109060310.0,0.48750676620650835,517269404770.0,1200.0
456040,1.0009195865315401,18.857371139403934,0.05307842642180602,0.026227024627931906,54.26200182183849,1202320048128.0,364.0,68.86382472512508,1990471193000.0,,280346795000.0,
000080,1.3444478253833398,41.302676597415775,0.03160638222786396,0.01065424082703141,46.18195429366075,1191189676032.0,370.0,97.3398025199659,3358347205530.0,0.9059552961866215,272487716210.0,950.0
280360,0.5211141108984559,15.176421354300624,0.034592515388745214,0.016987382824529728,33.44000356509989,1128145616896.0,259.0,65.90032185332211,4199096312580.0,26.945243284005183,499142596420.0,3000.0
001510,0.41147311829544847,102.62706648392896,0.004025842530707372,0.00039512032215181087,77.3031333778576,1071743041536.0,5.0,210.72532070368672,6449093771600.0,-3.799775038273649,899103900000.0,4.0
100840,0.4945985410826948,6.006654774258665,0.08493870088727834,0.053292386310476725,49.80000109305612,1122430877696.0,202.0,8.827259449261758,423163460480.0,58.69371842507072,70430089120.0,300.0
005690,4.600135877050001,103.36460905047576,0.045561456936136786,0.03539650246453273,66.38815029941163,1159277576192.0,26.0,3.7659828547862086,92518752840.0,-6.570803119905058,13724086510.0,0.0
298050,2.0883426497253303,36.24900411422632,0.0604184620109502,0.014727282678820137,46.58099266297256,1150515675136.0,97.0,224.02307928805416,3167433916060.0,-16.63576214041525,20339105500.0,6500.0
185750,1.9003227064088728,7.293780472967351,0.29556082238948905,0.16817965958431133,64.0490015686015,1090978447360.0,60.0,26.941934958136503,1402428435510.0,12.165172935805426,219646348410.0,1047.619
000815,0.025802862375390825,0.22865436229449798,0.12711990305266022,0.02193327765050999,1309.5217848591312,16111107047424.0,515.0,,85019029989420.0,5.787842622669434,1741176013300.0,0.0
066575,0.03665278951125975,1.0110338996842527,0.03688359391406369,0.01235564889444983,716.0938189034034,11781708709888.0,213.0,73.80633391091493,60240793000000.0,-1.4432642965717433,8487563000000.0,850.0
006650,0.49148771779622613,,-0.015754133594250215,-0.013223392839854473,56.817004258350735,1063524433920.0,75.0,8.517848140415115,2196492714330.0,12.506425437414858,34185394010.0,1000.0
005300,0.8814569644230339,7.779757672412903,0.11611863965092038,0.04171341354324643,47.76100229294816,1200470753280.0,285.0,118.17913893179978,4257669750820.0,13.475282114179214,247537132460.0,3400.0
009155,0.024903113022127905,0.46206258090555746,0.054978686479533,0.03733885792542995,2027.1218978158465,28670179672064.0,63.0,20.343675071788976,11657871601840.0,-5.646315418197142,1669189597130.0,1200.0
006110,5.799957684622045,434.18193156590297,0.017337697413000737,0.009838167895159691,39.733553399842684,1072498671616.0,3.0,44.31666317349909,404298806440.0,-14.110441536119398,60673606500.0,100.0
075580,1.4515308966196017,15.322931028580456,0.09924086629670126,0.031247775784995234,40.52400079254936,1088098598912.0,118.0,136.44549862445027,544018916690.0,-6.159491495654839,50751657160.0,200.0
365550,,,,,,1087713312768.0,629.0,,,,,268.51077
248070,3.431277083419874,11.409312766072562,0.34826475284625347,0.12200795688778601,60.23000011962464,1087819350016.0,33.0,87.36546375291105,938644554380.0,15.13941038642469,131852482690.0,0.0
499790,,,,,,,,,,,,
090460,0.9633794859752085,6.795624523282291,0.15108968822679564,0.08640735128458024,77.31199920348814,1045261516800.0,78.0,31.17463958221557,1089361044640.0,-5.297966234938801,138587141330.0,250.0
002020,0.19385774539110157,24.27924982787764,0.007915111997496976,0.0017322331279249665,71.64450931538433,1176094638080.0,66.0,211.82603009679616,5231418956580.0,3.860651925141783,355059487130.0,550.0
071055,0.024392874846895472,0.28891893067805374,0.08807910545121345,0.007759975544101055,820.1501842177025,10715806040064.0,476.99999999999994,407.71430692860423,95901185591110.0,37.442128892843684,13844783516000.0,2711.5
009450,1.071071675511608,7.530404299183314,0.15086405567805392,0.08000540305691807,41.92399853538368,1055064064000.0,103.0,19.76774741132544,1060557971480.0,3.74309164171212,82771721310.0,550.0
192400,0.4130158690347085,3.420808445078509,0.1272270918908136,0.10854185883913584,27.335998958761852,907488788480.0,531.0,0.7991878048693655,1248108717570.0,2.198566313415217,118121907540.0,1100.0
033240,1.6070441125259693,,-0.06757620686685449,-0.04076258813139154,60.34981099018982,990921031680.0,,59.51857638817184,692647470960.0,72.17675350143551,56116501060.0,0.0
006120,0.20857850592540866,3.211651036026331,0.06632551376734602,0.015899153341829068,50.85533821421381,1084216442880.0,254.0,162.12979754360305,12250710294970.0,2.547880786473191,1015984405630.0,1700.0
057050,0.2107718643971894,3.185318706865192,0.067811711650125,0.04383426690410577,38.57900113760567,960504201216.0,327.0,15.525399621475056,3432527148800.0,-1.7705132294848527,157607671910.0,2800.0
451800,,,,,,,,,,,,
108320,1.3153066793055102,12.694654322809374,0.10503061840352873,0.08113536930280685,66.73899891172691,1014892331008.0,240.0,2.1626985846041697,1205064944730.0,-10.281495047076142,184417149180.0,1800.0
484870,,,0.07871298163138434,0.03444059222409832,14.60924851702553,997775114240.0,229.0,12.982441545533579,358608884930.0,43.666238242483004,85465033600.0,0.0
079900,,,0.2934863062877848,0.19229399146855802,26.985165109085752,977365565440.0,396.0,18.818775822400386,158316498660.0,12.064568415677703,29550979610.0,0.0
00088K,0.022727410876878573,0.6445695977076332,0.03522370324069364,0.0018710395723591019,115.08637703704964,8601824919552.0,227.0,283.44415526406874,209738149000000.0,4.417815717028473,8528739000000.0,800.0
137310,0.46110264521937405,,-0.16217568862547502,-0.1326699456212439,26.039915075516923,950972776448.0,252.0,21.389032317402844,3788831050300.0,-77.63723768283988,482383087100.0,0.0
036530,0.20806643277771827,2.546401506438988,0.08497988576304186,0.0332102081540147,30.77955376602617,871359643648.0,509.99999999999994,0.5110363185687656,2701797834310.0,16.335729759197303,334196791020.0,800.0
285130,0.5492739610459826,29.19311384876709,0.018691701642167994,0.00983750490785546,69.35148632014267,1073647583232.0,135.0,52.385249517950726,4158774903690.0,-4.396127487180132,396012209620.0,650.0
003160,1.0982892130628088,52.63942731992205,0.02085572088129244,0.011360498066626288,67.70730062599242,863756681216.0,75.0,49.382038610134785,280589482060.0,-7.126459810700498,47312346610.0,100.0
336370,1.302114952309209,5.088911778832402,0.29338986255956845,0.11838544709627953,76.1461546237954,1176210767872.0,8.0,54.38347554450074,1706722451080.0,2.662462133141115,129050438500.0,50.0
009240,2.073132504024682,,-0.15771470590841372,-0.057786648711600754,35.95253152318371,659032768512.0,,78.75684804252664,1051517418790.0,-1.6971827159602457,81947249610.0,4500.0
025540,0.7563259732827258,9.668073068911859,0.08089978237635927,0.05370819299090145,63.62500247157686,912372989952.0,355.0,17.674311159839178,1425051765000.0,11.026549262305469,97939211000.0,700.0
064960,0.4803147807725347,5.2091733571161125,0.09545899950384559,0.07139262443571734,49.75499985902653,813940408320.0,469.00000000000006,0.017395546538211504,1211181269340.0,8.749450402911334,199604854940.0,800.0
004490,0.5440918058213798,6.072018351050339,0.09288039605606441,0.06644584561347419,43.66299970105892,859769405440.0,411.00000000000006,13.028516818606212,1840970162000.0,14.368774771270552,150621326560.0,700.0
030190,1.3451187760468266,8.870388823010444,0.15760163797577642,0.11499094322684825,53.76047847654636,873596190720.0,342.0,6.811675130225105,493709695210.0,1.218051115450356,79253012560.0,410.0
005090,0.46578897327510016,7.953011160766891,0.05961268435427107,0.013991106300673248,45.227997141992894,890367574016.0,210.0,201.01795494550404,2967510633950.0,7.10923910206826,282914318510.0,1700.0
071320,0.12022295064910704,1.259157842799243,0.10632990170104857,0.025818638297530453,21.827997924472637,874195189760.0,815.0,196.40731401573106,7968409129270.0,-5.2558855622051075,14122778000.0,0.0
178920,2.7101636401311686,,-0.00547151735404979,-0.003531518772750479,,854559948800.0,120.0,49.93911584106282,517945909900.0,-21.2707839680951,56412206020.0,0.0
003620,7.616870113566431,924.0847957018382,0.008203949585180358,0.0038483544468066086,39.54905141601742,845927153664.0,,22.563680870306975,2636056902320.0,9.143935905487686,58033181090.0,
003030,0.5134381024810637,3.2559376403683755,0.17178732882153017,0.0716883947816483,35.5550022633556,828294496256.0,88.0,68.46641679102439,4340755996100.0,-1.024111694549476,713742113590.0,2000.0
079160,2.2285740802823195,,-0.24116244446486845,-0.02830479148261958,46.991091110052416,826250362880.0,,533.400140061399,3194214710430.0,21.414478121686475,190527889240.0,0.0
003850,1.7520469741910683,23.91463316986485,0.07552182277545264,0.044474643605126894,33.875999463023945,812702302208.0,166.0,37.21474704803162,915511541050.0,13.037855411491387,16460520010.0,100.0
005880,0.4603049120940708,10.848237127687787,0.04354825176059773,0.01481414092990014,51.15799993889958,821391917056.0,,153.9410497816741,4727803814340.0,-13.315579796561424,109773639670.0,0.0
00104K,0.04986310699690084,1.4114720180672105,0.0364209604561911,0.004081772633172595,359.3288049024773,6451352305664.0,172.0,328.6672957695677,47203762893000.0,1.0453503794585233,3646474585000.0,0.0
011930,1.7193671047767178,25.77937471922907,0.07144704496481145,0.027850686101248325,8.102199817760331,813246185472.0,,80.62049297536933,587747541240.0,-13.1935348028719,31567056070.0,0.0
317450,,,,,,,,,,,,
007700,0.26142389551264616,4.565833395091624,0.058418865775105314,0.03289392171213485,8.187475711796804,800932757504.0,244.0,7.274487447620885,3840524557780.0,9.328499172073686,278014355540.0,400.0
214320,0.7713500287582438,6.904025341466522,0.11560767596259816,0.041960766597571586,62.269,808000028672.0,1052.0,18.912620419611727,2560209103470.0,19.566052489606236,529267186430.0,225.0
014820,1.1772669970158507,14.163114715077313,0.08557699987034692,0.042979261621866494,17.206334649154183,782581760000.0,112.00000000000001,66.1578558932694,1535857779600.0,-11.158584992911868,77908425700.0,0.0
000370,0.13700721764294763,1.7911551656698295,0.07762947601345453,0.014012331306488365,46.9899998465669,766563385344.0,,7.71166966183634,18115263746010.0,10.336682780265486,379782528000.0,0.0
001270,0.1448701226960733,1.9159625277370573,0.07889270207670898,0.035241061722466896,168.6036420871637,665037832192.0,321.0,33.805542491758445,1770492019480.0,0.7162518291821268,267220314000.0,0.0
217590,,,0.10101594157097733,0.028502052719098777,24.81304081833036,750706098176.0,16.0,151.29602178174724,248068135490.0,10.869213086580285,4323041000.0,0.0
001500,0.36535842442789757,8.724481423460904,0.042766973899526266,0.00490514595744831,56.557155749925556,755599802368.0,303.0,257.96868372408244,11585257000000.0,-24.326974424575578,1089657000000.0,0.0
010780,0.4904826244551241,4.743857912169323,0.10904393109712593,0.04041074052292362,43.182998713391854,737171734528.0,202.0,98.6031106725592,4237373316080.0,-10.928640995507996,641080181420.0,1500.0
249420,3.302727419373407,,-0.4375343029087362,-0.12458370796766262,65.38189508436825,727837507584.0,87.0,125.47043990736921,611260857040.0,-5.795171790907688,53258173050.0,0.0
161000,0.9844760773478619,21.903753032853388,0.0451997130429911,0.0260362486078662,37.280600545484596,739655286784.0,91.0,46.066690879728576,1308360653090.0,-17.583833604189387,90537645070.0,250.0
093050,0.20921989794537088,3.874591468300017,0.05506458619001899,0.030905953959833674,36.71132417952199,662640525312.0,282.0,43.59497531649387,2755627761730.0,-3.4449149526454432,168108285340.0,700.0
460860,0.3001695395028535,3.634359948240969,0.08259213280405416,0.04025465325027847,54.04950817196078,717980106752.0,276.0,63.202866482520356,3531787086230.0,,434773397830.0,0.0
016380,0.38918349326863244,3.139243050213352,0.13088326025621128,0.07502848150384767,39.46523269179353,693929443328.0,418.0,49.15145562602333,3195514054360.0,-10.206088108211054,110314482840.0,200.0
114090,1.8748623798882131,17.608121004604627,0.11041239369855727,0.07022026826274051,48.99099953165166,709484544000.0,554.0,18.646253918351448,639368283530.0,51.345928756295066,185666101760.0,353.0
069260,0.8506231857334496,5.3044906355742825,0.17053136802688687,0.13206342143927513,44.86099965867343,673408876544.0,570.0,3.0039220897406556,1099714172170.0,-14.819790436464315,69585866980.0,1000.0
001060,2.750358494028345,19.727877192403547,0.14632950692123817,0.05813982435276899,69.96027586931126,703202787328.0,213.0,64.15014589633061,645038796100.0,9.377585371203415,15908868300.0,400.0
002350,0.4261674094772069,7.03327623151871,0.06258158766496194,0.02514167060384828,36.496743574838945,741229920256.0,277.0,104.3335530636504,4232661554560.0,4.01534925548264,237635347830.0,115.0
017940,0.1942487121913503,1.4800755019538787,0.13900635709163506,0.04770761982209889,46.141004688718,591473147904.0,401.0,122.98331570239847,4597407646180.0,-2.040239852139137,181784017220.0,5150.0
001680,0.493935256856002,9.727933507598848,0.051119036545164837,0.02056188134138577,63.80531069231219,725767684096.0,422.0,106.59896672882725,3334370027470.0,0.5730447820542545,742445231760.0,800.0
293940,,,,,,696615108608.0,632.0,,,,,371.18308
383800,0.2979849625448694,6.284768258007293,0.0481633603049047,0.04730186994835563,58.06083455524698,686114340864.0,322.0,0.12250067354322224,1698527000000.0,-50.14477582961193,185550000000.0,270.0
005420,4.884576510865005,,-0.10553035133089625,-0.0282557488938603,68.12622621949711,690558468096.0,,81.69437794360894,1091033170880.0,11.248913059695102,68687310470.0,
002840,2.0233767962125926,12.533979445028473,0.16953156038039438,0.14137343153118395,23.218222666131876,661907636224.0,166.0,0.14530045036660505,447566168770.0,-3.838684116860368,37421709120.0,2000.0
001820,1.6026073727744181,18.75463261027848,0.08902555465544744,0.06989169536564792,71.48000194912777,677226020864.0,76.0,3.613653729736425,308031065010.0,6.566012136839866,36789325100.0,500.0
015860,0.36039023634841666,5.884812323396044,0.062387422593274885,0.016910841145252986,41.09099998114625,630001827840.0,146.0,63.981176629141466,1664779334520.0,2.6506760354225034,130945723790.0,150.0
005180,1.5356513561734473,11.427596177805698,0.1416475534282514,0.10387871495550437,55.25099467857284,644567269376.0,453.0,7.424078892569392,890717259860.0,9.989112244175036,147882423980.0,2600.0
009900,1.7244718362187277,6.045535122847694,0.3322286601517958,0.15465099865936857,54.493000808669564,671617712128.0,78.0,46.219682991800134,1044875997920.0,14.760875998951109,252817761200.0,0.0
058650,0.1936688013998836,5.074731840189858,0.03887990778979574,0.014006847072300202,25.979098778881145,650266542080.0,278.0,77.17429232410909,5789382238680.0,-4.841498702821312,263996350550.0,4000.0
002240,0.3052138522177256,7.164466042157247,0.04360411080707172,0.028671630491943885,33.25771172524664,658407424000.0,143.0,13.978731670423155,2451280644240.0,-13.687124757420499,184205136830.0,324.06253
039130,4.086422546045119,14.802822381041851,0.32028671046518437,0.08550451803099357,71.15800121007632,654449639424.0,284.0,80.49914893168226,644596377660.0,258.01820653524476,118664727510.0,0.0
017900,0.4417985325639256,,-0.004182122486130007,-0.0038444039114286367,37.98212814241065,564577763328.0,45.0,0.028468122475743513,251180472120.0,-17.408413776821703,23900929490.0,50.0
016610,0.1293103972233128,20.98939438348397,0.006471463359363125,0.0006179947051604289,61.36908001614497,611162980352.0,361.0,202.5540857906754,10211959858310.0,23.025028243772088,1650894850000.0,0.0
271940,2.931227155900844,656.9898661508147,0.004469986214831911,0.004140179830374102,29.75600050560141,646374817792.0,,0.05791744884482921,338352795700.0,-27.81484952304647,10536366380.0,
000640,0.6068476885696917,10.595289703118334,0.058150595083904154,0.03144291974009747,45.069266152744426,636232925184.0,175.0,68.33593707617868,1957106350360.0,11.54266192407497,119858545650.0,2073.7110000000002
003280,4.714903637123494,22.909483037531967,0.230229491776955,0.10622791404732085,29.516740530851365,645111087104.0,,70.6186200387463,325653339430.0,-7.336405202520015,17293124720.0,0.0
000400,0.5723114180780814,2.6085661514890233,0.1839669370129365,0.018030792659306374,,638312185856.0,,77.40750471844954,14912417300950.0,33.70809973461558,1434073501000.0,0.0
005250,0.7032595244649967,,-0.05365378804886705,-0.014771628148788539,56.918206381376855,609860452352.0,222.00000000000003,130.59561095023014,3737707402310.0,-1.0398481618351754,174537725080.0,300.0
010820,2.5920312275843913,34.97252418258134,0.07765028580629085,0.019396621136164423,53.526945671203706,631246946304.0,,10.629104742053617,265075748450.0,8.085231318861316,13125530850.0,0.0
001570,33.54802805815644,,-0.3851861383650792,-0.12291681079395163,70.63987712274114,632041439232.0,,172.81989906514204,703467371630.0,-25.04746820775961,56301939600.0,0.0
453340,0.5361893300386563,8.578501995001712,0.06250384162072452,0.04461134562197122,33.48128779797192,623377514496.0,350.0,4.575712865545232,880317203000.0,,36027468000.0,325.0
005810,0.4529674642746697,5.522877439339355,0.08448214171664561,0.07116711333969114,48.7676728946891,598578429952.0,367.0,6.719268828988276,1194251204650.0,4.915836944604242,35558050700.0,933.3333
002960,2.0151509835133687,6.800905102485659,0.3126572657661512,0.2072518089408585,,626599985152.0,747.0,0.5176097731280651,188371616560.0,6.247138447464283,49145713520.0,25000.0
006380,-6.048009781349628,,-30.02992161596086,-0.1892426004140798,,0.0,,-800.5416999132239,216804583540.0,-82.30415257495662,19639940050.0,0.0
130660,2.1308572791031852,14.23427207400672,0.15533547406823214,0.0858219480464444,39.379616564417184,615488028672.0,200.0,35.96014913381801,203640941360.0,4.976002756620812,31926010240.0,297.0
008060,0.2770456835115768,13.16525371408572,0.021065881355017187,0.006839641108591669,66.45844124144347,662812819456.0,589.0,5.053655200954691,1835312625990.0,-23.024778345559003,140876982110.0,0.0
005389,0.002261245914923813,0.017485714353565423,0.13682527583407714,0.044450344541705315,8374.93800405353,68207775842304.0,386.0,136.0108306283628,282463355000000.0,14.42975591057733,19166619000000.0,3000.0
019170,2.4307831405257567,,-0.191341954017162,-0.1611124226174962,68.68213164372922,590028603392.0,,17.11938544294108,350083639790.0,-4.3285144740559796,43800113470.0,0.0
008730,2.3700381940132305,,-0.05963429081020542,-0.028654541420281635,43.29821774193549,602640023552.0,103.0,80.92879474540793,678951066650.0,-9.478835939512651,47029745570.0,250.0
001200,0.2843328835459294,9.37299083545394,0.030888777666471433,0.0036596268914715186,65.73343861160728,566647521280.0,292.0,136.17320400843354,8699332043240.0,4.597984630107758,1425252514000.0,0.0
268280,1.6681603760949526,33.44956567614466,0.049486233574253094,0.03971439959983701,23.878077082469954,576224428032.0,268.0,8.784453451924433,461187881060.0,-28.443874088590505,99334809610.0,2100.0
003545,0.07640317165790306,1.7264706470478883,0.04693422151586232,0.006095186827287774,270.43506855791964,1594372259840.0,533.0,306.12100399170697,22643488792000.0,-31.55236839141996,4074882999000.0,0.0
003000,2.7315034405815055,,-0.1279992723542094,-0.07549804845015733,71.61226027906179,590014709760.0,209.0,35.07861953641992,429017049390.0,-34.03768270874355,151227173290.0,0.0
009410,-2.2209004986520227,,-4.734174590799276,-0.30229433791325416,63.56608262418677,583508099072.0,,-657.2742267606682,4640488559860.0,28.706229385355847,224569253920.0,0.0
094800,,,,,,,,,,,,
014830,0.46222814741781765,25.66534254213814,0.01802537966619143,0.011835883631440211,53.5580061181555,560989470720.0,237.0,23.762973996856964,1259135784420.0,-19.302938309982224,146034019870.0,1600.0
020000,0.2852150599257722,4.750483721870078,0.06137326376118907,0.04920469348451214,57.68799860911634,550884868096.0,292.0,3.7892322446962923,1724265473780.0,-0.880609728549734,19146411730.0,750.0
452260,0.3488934363618375,,-0.036326379997769886,-0.01622706903142687,46.54404259233163,565829500928.0,,48.6665533717285,1855072139750.0,,65480880240.0,
001530,0.9043303000262167,163.82021466872115,0.00546255293210889,0.003278683218367493,67.67442348863634,568576376832.0,36.0,41.684742317959724,975653234720.0,-17.719183213534357,47621391000.0,226.75737
448730,,,,,,,,,,,,
284740,0.5362165534418112,3.8639189618814864,0.14852299636938132,0.10391523517669143,31.676650739127606,543742722048.0,495.0,3.492594654276451,1138110386830.0,1.7566927102088306,106345916560.0,800.0
003300,0.19998100492336174,2.8934394015989024,0.07121956969329171,0.030561763412928458,34.55104146273525,553732734976.0,557.0,52.98868110862828,3559790251280.0,20.21993729544278,273952816830.0,800.0
000157,0.03364733435633416,,-0.22740525699719252,-0.014222074308316499,1257.9901700947496,9516777209856.0,83.0,480.69031717425344,28286809000000.0,12.558249140101694,3539167000000.0,0.0
0120G0,,,,,,,,,,,,
006405,0.018296599785414345,0.1685715652434823,0.11482135975536943,0.06249829177558928,4215.246238961415,26126286061568.0,63.0,31.325890589179313,34038860192960.0,6.523128388947792,1524461361450.0,1050.0
005945,0.019513832864668425,0.2669380044727068,0.0750163193254517,0.010105500818334173,,10599833534464.0,478.0,195.8002459083481,56697893000000.0,29.97943046800915,9291408000000.0,0.0
105840,1.0156645588615065,14.669813131220655,0.07190717079070505,0.049961613481094444,67.02866667966705,517892014080.0,113.99999999999999,1.1012289805704079,240301076150.0,4.032563468348702,28760977550.0,200.0
004690,0.19662382749879453,2.480750969678485,0.08226393929825332,0.02543479716852352,53.636611882214645,497853235200.0,206.0,76.31120758694098,4432766185100.0,-2.160327257535456,314045493340.0,0.0
034310,0.5369863779640578,104.89128792629046,0.0051401935016919705,0.0011314253992095705,45.54635200517082,498342658048.0,391.0,121.72421615451894,3484123285550.0,2.397260125507693,577618086860.0,451.0
031430,0.6335347130418492,13.716819288436355,0.04669476814872736,0.03013132568015939,36.559998844898786,513894350848.0,270.0,36.83496323820658,1324069585440.0,-12.842078857176997,153501151950.0,400.0
092790,0.34798875335291524,1.194903302217529,0.35491233932888094,0.21061516893876683,37.92399046227214,515879665664.0,708.0,16.166295379139466,642480608080.0,-7.38350140877128,56315546790.0,0.0
377740,0.24201515830249237,,-0.012985931852598442,-0.012237302250197297,13.093270526817443,504668848128.0,457.0,0.3166067551657981,1592842324190.0,-81.21971560647992,147395062400.0,0.0
002030,0.2685602470705459,3.1012360982341995,0.09062532158825441,0.02891827410232005,37.34154389008836,407083057152.0,225.99999999999997,70.56209404541795,3272086007000.0,2.1033016917479084,264197201000.0,5000.0
000070,0.2569510362588059,2.9706244232458907,0.09108655014182347,0.03553115132623158,48.53022423382344,507712700416.0,535.0,81.58887445420693,5154457321580.0,-3.193591488558419,246817514320.0,3872.01
381970,1.9948077844956178,16.520376958321044,0.11800922668036529,0.05212007194189225,7.43121872852352,504319344640.0,1162.0,104.09208043824731,554118292950.0,-5.956827564307748,31128019830.0,760.0
002710,6.0457095023887115,,-0.035670224263928546,-0.014529259889588277,66.45999990005225,497273798656.0,37.0,114.8784401223508,559737446490.0,-8.766031804292195,25903301980.0,80.0
306200,0.3421208514643844,1.8067737712049494,0.20679940061728735,0.12584554903199452,40.65401235670155,487217397760.0,316.0,23.750847821856492,1535913844660.0,3.2783177418816805,218329884590.0,8000.0
058430,0.8133234553197256,11.778847943533178,0.07067597876208762,0.044754919612522995,43.007999212097644,495421784064.0,131.0,12.9985772452407,552186389110.0,-3.6253562279706575,74575460160.0,0.0
090435,0.07019737065743821,1.9090636591746597,0.03714741640457815,0.03081747333356364,368.1584897384703,3177523970048.0,270.0,7.154025780911967,5886510888700.0,-11.14816064373379,506379386490.0,915.0
027410,0.20170543088649995,4.288538330253724,0.04808752249478601,0.03787152993266798,30.259000518301534,482372190208.0,258.0,4.034516497139569,2171266453120.0,-18.070206112432988,246256546860.0,120.0
950210,1.2872681713850995,33.00805142280682,0.03990994981728638,0.02830529384162061,5.93087028612729,480769245184.0,,18.728389698786923,741600204000.0,,125021951000.0,
016590,0.27704409863539414,3.371988858390455,0.08406806340551295,0.05436387390661872,18.433947218748173,356421664768.0,187.0,12.993983011555251,876212192760.0,-4.589330295912923,19575040890.0,150.0
029530,0.2686897924446602,4.843802312123221,0.05654098977070997,0.05193863935254955,35.105654453164114,426396418048.0,202.0,1.7798564104305623,1078782998510.0,6.442900783124525,96326445260.0,1500.0
126720,0.488943388090944,4.979256051318041,0.10212864780695004,0.08263887607663663,27.32503326127464,471484858368.0,269.0,8.637085871021542,603244086410.0,6.98450751064814,64278430460.0,800.0
015360,0.2709441498592839,5.347946047076438,0.04990935559968117,0.016590451265740498,21.041676053165126,386192998400.0,621.0,55.42987888049701,1358039481000.0,-22.312944961053816,73836347000.0,1750.0
145990,0.2727317843401555,3.8178137603123417,0.07579730549891474,0.034730809844221014,36.282847196718514,463682600960.0,379.0,68.12984467063795,3205001054500.0,-0.03767719012389219,174544901000.0,1750.0
006220,0.5454952887235267,57.30331228343276,0.009645411527788939,0.0007044111938547615,77.46646254247219,462654341120.0,82.0,82.18236039496054,7162714000000.0,1.4681685862549043,235890000000.0,0.0
025860,0.6884023882757596,29.35443701611557,0.023419987800870887,0.013782465855322506,41.979000679789095,445922869248.0,97.0,35.059783535418596,833548600270.0,-26.802023097396415,34046636910.0,60.0
403550,2.461799983865077,,-0.18433237840334799,-0.06694444275723735,20.31100086712396,458801381376.0,66.0,193.56348561933035,679023237710.0,0.22927586507873451,118197674280.0,0.0
192650,1.9738216249765286,52.78893542614895,0.03738566602445585,0.018905267271098532,56.493727828822216,444461383680.0,343.0,43.590500096415695,795335352390.0,-24.71518337972563,124253253560.0,200.0
010690,0.9507990510365202,5.47630226249795,0.19271711880977416,0.070202207335114,50.98199945142863,447907397632.0,132.0,112.19728634959829,1196813984360.0,6.655050607322252,246672572770.0,150.0
003720,2.2287177123514352,7.97525060007318,0.31445516631840714,0.139061185982013,73.45800146367635,433937580032.0,23.0,65.99874080534417,132156558530.0,-9.367190649806211,11759298000.0,20.0
344820,0.378639449803349,6.894844506042141,0.05576711718007978,0.03686518789716905,53.32962687287532,447210487808.0,570.0,24.178034327559768,2223679597400.0,16.373077239148547,231279582310.0,800.0
004700,0.40456770585051277,19.442134290465393,0.02225972746716007,0.019113501456220525,20.57818309037376,239111716864.0,,5.199805085757015,504500385670.0,3.7385325921601833,35949365970.0,0.0
072710,0.24681990006223253,4.126287950805814,0.06109403666076851,0.04639985731996131,35.272425012775486,447082954752.0,311.0,12.687695979582566,1505059211840.0,14.070574692046828,19773320660.0,2500.0
105630,1.1345050816075513,6.518260769381529,0.1897645635957655,0.09048014938958138,32.60099913061118,435574210560.0,542.0,68.92501590708206,1237247610670.0,-22.49698310749325,71934728900.0,500.0
357120,,,,,,440929157120.0,724.0,,,,,366.34685
089590,3.0498681203098705,7.0657124744626865,0.4486191546804332,0.07410072907165417,45.3260002831536,436695433216.0,,252.165822488901,1980894333650.0,145.40932428631388,211816444860.0,0.0
145720,2.4929631364899087,11.999454848698633,0.2302351045103557,0.1332881004288196,51.40400081587302,440680841216.0,117.0,44.932013546473385,773770340890.0,10.487826515531548,86911786180.0,400.0
029460,0.27035901828479464,4.378151559938624,0.06440169010522742,0.04600143189847761,39.3724867880972,440243027968.0,109.00000000000001,4.100328203935358,1062311270060.0,-15.262873828199632,96524642990.0,260.0
017810,1.180731350464938,19.21592503394164,0.05347733442572998,0.009279961121705115,38.13900115042684,415049220096.0,91.0,374.16063495419945,2156789583390.0,5.4667977275808495,127285312160.0,102.0
170900,0.8818968676828859,52.12241083339439,0.016738807567843548,0.00911122644735919,52.67091881174978,417092632576.0,162.0,61.86883939523761,1283760898030.0,4.499215390264084,212754234950.0,653.5948
183190,0.3579194655219985,4.135478416469356,0.08960405734142815,0.043073042805909525,32.15638169813551,431284256768.0,346.0,66.3793584501953,2120387916000.0,15.412164958174912,139914988000.0,255.0
194370,0.6234277084083606,2.0340442652438226,0.35784365232322235,0.16117172186381415,43.61499999414132,417841315840.0,417.0,96.7783408254279,828362721870.0,-11.517244761338397,113906493820.0,450.0
009160,0.3359285707709669,,-0.0109347305029415,-0.006390326822323221,85.73630130180962,162898378752.0,468.0,56.58652300624687,1057913469530.0,-9.33894576169271,333188542880.0,209.9958
417310,,,,,,,,,,,,
005610,1.1362734352650952,9.478939747382869,0.12430928380467801,0.03879949637272749,21.67399959260837,387024388096.0,209.0,117.65778887901621,1293732304540.0,3.583446120946049,6264270820.0,1700.0
001390,0.4522801445852673,4.3369708893164916,0.11060883662869368,0.012858069049052512,53.91221844382144,410793836544.0,245.00000000000003,197.39018423319226,7818802674410.0,35.19868242929237,290829858550.0,120.0
012030,0.77393812635976,15.074605005717428,0.059642419548539466,0.03134530491079547,48.68513244424649,389702287360.0,,48.690010751800486,879384841940.0,14.261617569743581,210248159150.0,0.0
084010,0.28087514330846736,2.923764282345192,0.09879652361566907,0.061636156896732505,31.75294363354385,337068556288.0,257.0,4.414288077161036,1115779074660.0,-32.395358344364524,239936345180.0,300.90475
011760,0.35581175387283503,2.4547858342632147,0.16565166152269484,0.04301557727374822,53.401999472815085,363932254208.0,231.0,136.05513734084153,2059712572960.0,7.401361897988205,297930077690.0,600.0
097520,1.433856304651799,16.617220005829207,0.08827123530803037,0.051970995983740914,66.91845955585521,375601168384.0,434.99999999999994,15.072734668537082,535697470080.0,-15.888671276240926,9217698100.0,600.0
016800,0.486145819766849,3.8559147652159216,0.13331937972889868,0.11711397707329477,31.662925446465685,310528638976.0,288.0,0.9046344734539866,597603859830.0,-4.811921679964557,67454154610.0,1200.0
009290,0.4813711861507462,7.092074349613673,0.06961848025836494,0.03678002035656794,94.71387675070594,294376341504.0,125.0,43.26742103256587,1078065491860.0,5.791566329663183,77344257330.0,100.0
060980,0.2510304586348414,5.025852214616257,0.0501175218094043,0.022051125156928076,62.039001207972774,397653508096.0,457.0,91.26832634609896,2298229319030.0,0.6598783599603485,175372087720.0,0.0
017860,5.924340743342925,41.055033205937676,0.1920389433630395,0.062317308602433695,57.07337500990335,395140857856.0,4.0,127.89479392656251,718904136630.0,-5.581618320514469,24580553880.0,0.0
200880,0.5307106234707983,2.9655813098224275,0.1968003828131304,0.0735855545011872,42.93106575270593,397234438144.0,170.0,62.09960820537799,2357850900800.0,25.622048207707103,168977605070.0,200.0
034830,0.21641158256568302,,-0.008360116081916176,-0.004685546362470932,58.564204375936654,332865961984.0,453.0,67.5728883717567,1886596466080.0,26.885429262176753,151003884000.0,70.0
002810,0.39593514817042647,3.970646474781494,0.10380627072288827,0.07703646947624487,52.26963244366496,375483858944.0,476.99999999999994,4.480182104809224,675612520560.0,-3.188255428111935,39571378250.0,593.9746
091810,7.223408684046221,11.450368735258612,0.9155821151933886,0.08522489595606293,27.451153073046015,383457853440.0,,238.1025406584583,1283873353730.0,156.5053413378625,194952770860.0,
018250,1.1060037256513022,8.782889711727144,0.13079200196835497,0.10103864799508423,31.678988946665164,363276959744.0,139.0,0.6469302222627626,482372595470.0,9.5765347715661,65172406590.0,580.0
078520,1.780783278768721,25.449271649099384,0.06053039481471605,0.03323118266400637,37.30234988813651,373629747200.0,442.0,17.577978802044733,173841489980.0,10.397275547306064,28090911190.0,1270.0
005720,0.16281194158562867,4.5630329849383955,0.03628243149784907,0.008507687012595291,43.42596135065831,373725265920.0,243.00000000000003,161.15798036450786,5060957367870.0,1.068987438988964,325249928450.0,125.0
092230,0.18675541860864814,2.070543960060034,0.09543942792317749,0.044813969795134335,25.152064837777672,349864493056.0,593.0,24.21479478115524,1928646649980.0,-2.6955825780927936,174565891400.0,3500.0
104700,0.2077489424369862,2.5953460481970168,0.08262812012189735,0.07098293284325743,,332421693440.0,747.0,0.013523373487022884,972464324880.0,-14.948708693982754,30447455260.0,400.0
092220,0.9141095746878436,,-0.11798925533184092,-0.08985122004053914,13.89066183219359,369002643456.0,,12.61699020077417,447745860870.0,-19.21995541272005,10269159820.0,20.0
026890,0.951609268068834,8.712964659138509,0.11382483307918313,0.10238917140241004,53.84536145940234,346752385024.0,259.0,,284857118790.0,55.1074374802952,60798740820.0,250.0
011500,1.4728697534560824,19.312370109720725,0.07868261770845207,0.05358526469423872,,356350656512.0,17.0,26.443671910056114,237369526400.0,-11.292065670601769,12201120550.0,120.0
001750,0.20492072928122176,2.8591728139866723,0.07396731508924954,0.021597823662761983,50.88099697891367,363399643136.0,560.0,59.48856746867334,1747822854670.0,-2.6066015654070323,272707578000.0,800.0
001250,0.49610252571220687,7.536614428967354,0.06781278338165538,0.01968801941796711,49.11400059363453,362978869248.0,56.99999999999999,118.77832699246574,1401098380000.0,-22.765688290562977,205027271000.0,25.0
001230,0.14828947601635856,1.0751151629423055,0.09451014806970152,0.050716045720339865,611.9580447589252,103034429440.0,438.99999999999994,14.801105897365414,2421648337440.0,-12.282489466187977,259081014030.0,2064.6938
02826K,0.004025290502871557,0.06212817696852318,0.07282780711336696,0.035461859353444126,5984.387260747211,40090617249792.0,115.99999999999999,14.992618648577652,66127029212670.0,-2.9330947359254442,3119516302890.0,2600.0
007690,0.37943338190497783,41.10550669061933,0.00917076043778737,0.005120256588131413,35.55899745828721,332720504832.0,335.0,55.37510908733368,1509561242740.0,-18.104787843620343,44664702080.0,1165.0486
108670,0.4387633937972155,5.9152884033922275,0.07661360571632284,0.025381835674530315,77.8448109705306,394698391552.0,316.0,106.86881589278039,2384792000000.0,-2.363346201806571,240726000000.0,1700.0
126560,0.4286358389495817,,-0.002518482920268034,-0.0020614554556032598,20.680047910317732,354152841216.0,463.99999999999994,4.834839552114034,909724490440.0,6.115296548674231,66484065440.0,100.0
001940,0.2257801871999015,2.781748488145138,0.08374898898265039,0.05130885241636161,34.94901666256613,312138432512.0,1064.0,1.1699937899663724,1802517204570.0,-14.841331293419739,115011397190.0,900.0
002900,0.5290066645249972,3.3590500435125175,0.16804210227116753,0.07408702127973371,61.40951676175743,321016791040.0,344.0,69.36035273690247,849110905420.0,-28.26968333002667,41493781330.0,50.0
272450,4.339289386964583,4.63511920745534,1.125236035802177,0.15655235793197766,25.235363762625397,340121976832.0,,233.02593639909603,952331547670.0,115.22758439144593,49864164450.0,0.0
004710,0.5840763260250741,4.678295817805549,0.1324991229833557,0.04267865261178966,79.10338044855678,341822570496.0,92.0,88.16915437374988,954035007240.0,-4.268979314917627,119498131080.0,0.0
002310,0.34207411714876135,3.586287432907785,0.09800610843102327,0.0778187920440086,41.750176054314686,329678159872.0,287.0,8.861343276145123,1048177764840.0,-11.242844799828918,101423559300.0,484.0
286940,1.0442598369330627,10.373069443429484,0.099750770647614,0.04625586936834744,33.08000262006996,339654279168.0,312.0,35.939216667216776,944050170380.0,14.223241031257231,116966223550.0,1000.0
006805,0.0023911389828804525,0.08239955776835292,0.029193728645531433,0.002742112671500358,4339.117833274343,14021232164864.0,137.0,283.71267184627953,128206948648960.0,-10.950809291831654,14759700888000.0,0.0
084690,0.5349731786324867,18.83403222886477,0.028536689174183706,0.005160053430927986,40.17724468801386,343044423680.0,325.0,243.46016435940885,4159485425640.0,0.6264155540461691,806555065490.0,270.0
024720,0.4373611912209516,,-0.00610559031912448,-0.0029040711652193736,32.511126067714855,332330762240.0,484.99999999999994,57.141529418950185,1289735866710.0,-1.9396280120400387,60508299980.0,180.0
005010,0.24672150202213697,3.4413324518867503,0.07535459802100865,0.0570199105375618,51.35047961689379,333757186048.0,286.0,14.483960189948336,1325993300470.0,-25.810040731901402,259027473590.0,0.0
011690,1.002428516061967,,-0.003744525918821963,-0.0027548061899762195,62.698864337712536,329921855488.0,,1.9081852518396285,124121630720.0,13.62384951801609,7849569700.0,0.0
000680,0.5840286555604037,30.770397247931523,0.019186551390115325,0.008204116359158803,18.24813198134782,324274421760.0,,90.03483226770237,1309219122460.0,4.607388950603821,19190411520.0,0.0
900140,1.3133198939953472,,-0.1025867032189761,-0.06338675662484251,37.338316884269716,319884853248.0,,43.42543091090921,651839591000.0,4.4880022769708825,14322000000.0,0.0
033270,0.9553897171707683,7.49637650773842,0.13470812483356612,0.10885062004670334,58.06445045869114,287677382656.0,306.0,10.65250889992634,468860417710.0,6.255198745039533,23913891980.0,420.0
004430,0.5271185401761924,10.67324662094298,0.05020407516420379,0.030209076073175543,55.184999999999995,315359985664.0,227.99999999999997,26.699565754713774,1089744000000.0,-22.529670728065774,98584000000.0,250.0
001340,1.6012419882420217,44.264004445392295,0.03651455678424893,0.018597303048675618,56.43700109268348,308602273792.0,43.0,72.8808804739248,426908196300.0,0.3423529261391917,24570650630.0,60.0
123890,0.3123671002685196,2.493901563336587,0.1317850071498746,0.09117393572534853,45.36800039847327,309588656128.0,593.0,31.884098652650156,1480050024350.0,11.20644526207688,115182427360.0,0.0
017390,0.2086688917987715,11.000029007829127,0.019085235887442355,0.011042464491442649,31.986995498363502,248159174656.0,436.00000000000006,5.297892540522126,1777219780280.0,-0.4075969990764654,29350112230.0,2250.0
037270,,,,,,,,,,,,
005680,0.3253109409903026,12.452809623814034,0.026290095039222344,0.02544142201994391,44.95199808958512,293599477760.0,194.0,0.0026586958643358095,544042879780.0,-22.175339743841242,32339219840.0,300.0
092200,,,,,,,,,,,,
004360,,,,,,,,,,,,
001460,,,,,,,,,,,,
096760,,,,,,,,,,,,
003520,,,,,,,,,,,,
128820,,,,,,,,,,,,
053690,,,,,,,,,,,,
000490,,,,,,,,,,,,
003920,,,,,,,,,,,,
475560,,,,,,,,,,,,
037710,,,,,,,,,,,,
088260,,,,,,,,,,,,
002320,,,,,,,,,,,,
000320,,,,,,,,,,,,
003120,,,,,,,,,,,,
003960,,,,,,,,,,,,
034120,,,,,,,,,,,,
003200,,,,,,,,,,,,
009470,,,,,,,,,,,,
432320,,,,,,,,,,,,
334890,,,,,,,,,,,,
241590,,,,,,,,,,,,
001780,,,,,,,,,,,,
003070,,,,,,,,,,,,
030210,,,,,,,,,,,,
000050,,,,,,,,,,,,
134380,,,,,,,,,,,,
044450,,,,,,,,,,,,
000650,,,,,,,,,,,,
404990,,,,,,,,,,,,
035510,,,,,,,,,,,,
000540,,,,,,,,,,,,
004980,,,,,,,,,,,,
005950,,,,,,,,,,,,
226320,,,,,,,,,,,,
377190,,,,,,,,,,,,
000430,,,,,,,,,,,,
007160,,,,,,,,,,,,
001130,,,,,,,,,,,,
004560,,,,,,,,,,,,
136490,,,,,,,,,,,,
084680,,,,,,,,,,,,
008350,,,,,,,,,,,,
013890,,,,,,,,,,,,
0030R0,,,,,,,,,,,,
122900,,,,,,,,,,,,
004310,,,,,,,,,,,,
013580,,,,,,,,,,,,
033920,,,,,,,,,,,,
001790,,,,,,,,,,,,
487570,,,,,,,,,,,,
051905,,,,,,,,,,,,
005500,,,,,,,,,,,,
001630,,,,,,,,,,,,
010580,,,,,,,,,,,,
004380,,,,,,,,,,,,
298690,,,,,,,,,,,,
244920,,,,,,,,,,,,
009680,,,,,,,,,,,,
210980,,,,,,,,,,,,
028100,,,,,,,,,,,,
002150,,,,,,,,,,,,
033530,,,,,,,,,,,,
035150,,,,,,,,,,,,
008490,,,,,,,,,,,,
117580,,,,,,,,,,,,
025000,,,,,,,,,,,,
000480,,,,,,,,,,,,
348950,,,,,,,,,,,,
000390,,,,,,,,,,,,
012200,,,,,,,,,,,,
003220,,,,,,,,,,,,
016880,,,,,,,,,,,,
053210,,,,,,,,,,,,
017550,,,,,,,,,,,,
095570,,,,,,,,,,,,
010955,,,,,,,,,,,,
003547,,,,,,,,,,,,
003555,,,,,,,,,,,,
007860,,,,,,,,,,,,
003350,,,,,,,,,,,,
031440,,,,,,,,,,,,
044820,,,,,,,,,,,,
339770,,,,,,,,,,,,
102260,,,,,,,,,,,,
012610,,,,,,,,,,,,
03473K,,,,,,,,,,,,
001080,,,,,,,,,,,,
039570,,,,,,,,,,,,
000140,,,,,,,,,,,,
016580,,,,,,,,,,,,
003650,,,,,,,,,,,,
005960,,,,,,,,,,,,
001045,,,,,,,,,,,,
102460,,,,,,,,,,,,
003460,,,,,,,,,,,,
005430,,,,,,,,,,,,
234080,,,,,,,,,,,,
002100,,,,,,,,,,,,
002780,,,,,,,,,,,,
018470,,,,,,,,,,,,
271980,,,,,,,,,,,,
025820,,,,,,,,,,,,
003610,,,,,,,,,,,,
081000,,,,,,,,,,,,
007570,,,,,,,,,,,,
000860,,,,,,,,,,,,
100250,,,,,,,,,,,,
015230,,,,,,,,,,,,
000520,,,,,,,,,,,,
101530,,,,,,,,,,,,
460850,,,,,,,,,,,,
006060,,,,,,,,,,,,
004090,,,,,,,,,,,,
011785,,,,,,,,,,,,
003480,,,,,,,,,,,,
213500,,,,,,,,,,,,
004960,,,,,,,,,,,,
002990,,,,,,,,,,,,
008970,,,,,,,,,,,,
001520,,,,,,,,,,,,
097955,,,,,,,,,,,,
002170,,,,,,,,,,,,
016450,,,,,,,,,,,,
214420,,,,,,,,,,,,
007610,,,,,,,,,,,,
089470,,,,,,,,,,,,
317400,,,,,,,,,,,,
071840,,,,,,,,,,,,
400760,,,,,,,,,,,,
000300,,,,,,,,,,,,
014280,,,,,,,,,,,,
037560,,,,,,,,,,,,
009580,,,,,,,,,,,,
462520,,,,,,,,,,,,
001360,,,,,,,,,,,,
009070,,,,,,,,,,,,
210540,,,,,,,,,,,,
293480,,,,,,,,,,,,
00279K,,,,,,,,,,,,
090350,,,,,,,,,,,,
077500,,,,,,,,,,,,
272550,,,,,,,,,,,,
013520,,,,,,,,,,,,
008040,,,,,,,,,,,,
000020,,,,,,,,,,,,
000970,,,,,,,,,,,,
009270,,,,,,,,,,,,
079430,,,,,,,,,,,,
003830,,,,,,,,,,,,
33626K,,,,,,,,,,,,
000700,,,,,,,,,,,,
004970,,,,,,,,,,,,
078000,,,,,,,,,,,,
012800,,,,,,,,,,,,
021820,,,,,,,,,,,,
214390,,,,,,,,,,,,
012320,,,,,,,,,,,,
011700,,,,,,,,,,,,
004150,,,,,,,,,,,,
094280,,,,,,,,,,,,
015890,,,,,,,,,,,,
070960,,,,,,,,,,,,
298000,,,,,,,,,,,,
020120,,,,,,,,,,,,
007540,,,,,,,,,,,,
025620,,,,,,,,,,,,
016740,,,,,,,,,,,,
035000,,,,,,,,,,,,
083420,,,,,,,,,,,,
010100,,,,,,,,,,,,
107590,,,,,,,,,,,,
024090,,,,,,,,,,,,
123690,,,,,,,,,,,,
002220,,,,,,,,,,,,
002460,,,,,,,,,,,,
350520,,,,,,,,,,,,
002620,,,,,,,,,,,,
011280,,,,,,,,,,,,
001290,,,,,,,,,,,,
363280,,,,,,,,,,,,
027970,,,,,,,,,,,,
019180,,,,,,,,,,,,
139990,,,,,,,,,,,,
002390,,,,,,,,,,,,
013570,,,,,,,,,,,,
014710,,,,,,,,,,,,
016710,,,,,,,,,,,,
004250,,,,,,,,,,,,
007210,,,,,,,,,,,,
267290,,,,,,,,,,,,
004140,,,,,,,,,,,,
014580,,,,,,,,,,,,
005800,,,,,,,,,,,,
095720,,,,,,,,,,,,
004080,,,,,,,,,,,,
014530,,,,,,,,,,,,
067830,,,,,,,,,,,,
007110,,,,,,,,,,,,
023800,,,,,,,,,,,,
014790,,,,,,,,,,,,
036580,,,,,,,,,,,,
227840,,,,,,,,,,,,
120030,,,,,,,,,,,,
015590,,,,,,,,,,,,
248170,,,,,,,,,,,,
014160,,,,,,,,,,,,
005870,,,,,,,,,,,,
001020,,,,,,,,,,,,
37550L,,,,,,,,,,,,
267850,,,,,,,,,,,,
019680,,,,,,,,,,,,
034590,,,,,,,,,,,,
036420,,,,,,,,,,,,
058850,,,,,,,,,,,,
008260,,,,,,,,,,,,
079980,,,,,,,,,,,,
264900,,,,,,,,,,,,
005740,,,,,,,,,,,,
006660,,,,,,,,,,,,
002450,,,,,,,,,,,,
008700,,,,,,,,,,,,
011810,,,,,,,,,,,,
017370,,,,,,,,,,,,
023450,,,,,,,,,,,,
004100,,,,,,,,,,,,
001275,,,,,,,,,,,,
006840,,,,,,,,,,,,
010660,,,,,,,,,,,,
063160,,,,,,,,,,,,
084670,,,,,,,,,,,,
032560,,,,,,,,,,,,
003580,,,,,,,,,,,,
000230,,,,,,,,,,,,
002200,,,,,,,,,,,,
163560,,,,,,,,,,,,
011000,,,,,,,,,,,,
078935,,,,,,,,,,,,
058860,,,,,,,,,,,,
119650,,,,,,,,,,,,
004840,,,,,,,,,,,,
031820,,,,,,,,,,,,
007460,,,,,,,,,,,,
002700,,,,,,,,,,,,
007980,,,,,,,,,,,,
006890,,,,,,,,,,,,
001260,,,,,,,,,,,,
013360,,,,,,,,,,,,
009180,,,,,,,,,,,,
055490,,,,,,,,,,,,
023000,,,,,,,,,,,,
000180,,,,,,,,,,,,
002720,,,,,,,,,,,,
100220,,,,,,,,,,,,
014440,,,,,,,,,,,,
096775,,,,,,,,,,,,
003010,,,,,,,,,,,,
010960,,,,,,,,,,,,
011150,,,,,,,,,,,,
002210,,,,,,,,,,,,
004890,,,,,,,,,,,,
085310,,,,,,,,,,,,
000590,,,,,,,,,,,,
004440,,,,,,,,,,,,
025560,,,,,,,,,,,,
005750,,,,,,,,,,,,
013870,,,,,,,,,,,,
071090,,,,,,,,,,,,
004720,,,,,,,,,,,,
109070,,,,,,,,,,,,
002600,,,,,,,,,,,,
001560,,,,,,,,,,,,
023810,,,,,,,,,,,,
338100,,,,,,,,,,,,
000105,,,,,,,,,,,,
111380,,,,,,,,,,,,
480370,,,,,,,,,,,,
018500,,,,,,,,,,,,
007280,,,,,,,,,,,,
120115,,,,,,,,,,,,
000850,,,,,,,,,,,,
007590,,,,,,,,,,,,
012690,,,,,,,,,,,,
068290,,,,,,,,,,,,
009200,,,,,,,,,,,,
013700,,,,,,,,,,,,
047400,,,,,,,,,,,,
016090,,,,,,,,,,,,
001470,,,,,,,,,,,,
011390,,,,,,,,,,,,
021050,,,,,,,,,,,,
069730,,,,,,,,,,,,
006090,,,,,,,,,,,,
101140,,,,,,,,,,,,
396690,,,,,,,,,,,,
006880,,,,,,,,,,,,
010040,,,,,,,,,,,,
004060,,,,,,,,,,,,
009770,,,,,,,,,,,,
000725,,,,,,,,,,,,
002795,,,,,,,,,,,,
214330,,,,,,,,,,,,
006980,,,,,,,,,,,,
003925,,,,,,,,,,,,
111110,,,,,,,,,,,,
006490,,,,,,,,,,,,
058730,,,,,,,,,,,,
004540,,,,,,,,,,,,
129260,,,,,,,,,,,,
001550,,,,,,,,,,,,
001465,,,,,,,,,,,,
003780,,,,,,,,,,,,
001620,,,,,,,,,,,,
024900,,,,,,,,,,,,
009835,,,,,,,,,,,,
155660,,,,,,,,,,,,
007815,,,,,,,,,,,,
000220,,,,,,,,,,,,
004830,,,,,,,,,,,,
000910,,,,,,,,,,,,
35320K,,,,,,,,,,,,
372910,,,,,,,,,,,,
009190,,,,,,,,,,,,
378850,,,,,,,,,,,,
092440,,,,,,,,,,,,
002140,,,,,,,,,,,,
092780,,,,,,,,,,,,
072130,,,,,,,,,,,,
37550K,,,,,,,,,,,,
002760,,,,,,,,,,,,
004920,,,,,,,,,,,,
003475,,,,,,,,,,,,
004770,,,,,,,,,,,,
004410,,,,,,,,,,,,
005305,,,,,,,,,,,,
004450,,,,,,,,,,,,
002630,,,,,,,,,,,,
010770,,,,,,,,,,,,
041650,,,,,,,,,,,,
003465,,,,,,,,,,,,
123700,,,,,,,,,,,,
006370,,,,,,,,,,,,
023350,,,,,,,,,,,,
000890,,,,,,,,,,,,
017180,,,,,,,,,,,,
075180,,,,,,,,,,,,
006345,,,,,,,,,,,,
357250,,,,,,,,,,,,
28513K,,,,,,,,,,,,
025530,,,,,,,,,,,,
014990,,,,,,,,,,,,
004910,,,,,,,,,,,,
008420,,,,,,,,,,,,
133820,,,,,,,,,,,,
090080,,,,,,,,,,,,
001210,,,,,,,,,,,,
093240,,,,,,,,,,,,
026940,,,,,,,,,,,,
000950,,,,,,,,,,,,
012280,,,,,,,,,,,,
009320,,,,,,,,,,,,
011330,,,,,,,,,,,,
007120,,,,,,,,,,,,
049800,,,,,,,,,,,,
002410,,,,,,,,,,,,
006125,,,,,,,,,,,,
027740,,,,,,,,,,,,
003080,,,,,,,,,,,,
020760,,,,,,,,,,,,
012160,,,,,,,,,,,,
023960,,,,,,,,,,,,
011420,,,,,,,,,,,,
001380,,,,,,,,,,,,
002920,,,,,,,,,,,,
000215,,,,,,,,,,,,
481850,,,,,,,,,,,,
069460,,,,,,,,,,,,
011300,,,,,,,,,,,,
003060,,,,,,,,,,,,
308170,,,,,,,,,,,,
005030,,,,,,,,,,,,
011230,,,,,,,,,,,,
074610,,,,,,,,,,,,
008870,,,,,,,,,,,,
000760,,,,,,,,,,,,
003535,,,,,,,,,,,,
002880,,,,,,,,,,,,
013000,,,,,,,,,,,,
145270,,,,,,,,,,,,
084870,,,,,,,,,,,,
33637K,,,,,,,,,,,,
008250,,,,,,,,,,,,
025750,,,,,,,,,,,,
019490,,,,,,,,,,,,
051630,,,,,,,,,,,,
017040,,,,,,,,,,,,
005320,,,,,,,,,,,,
33626L,,,,,,,,,,,,
002360,,,,,,,,,,,,
019175,,,,,,,,,,,,
014910,,,,,,,,,,,,
002025,,,,,,,,,,,,
134790,,,,,,,,,,,,
004365,,,,,,,,,,,,
010640,,,,,,,,,,,,
005820,,,,,,,,,,,,
006200,,,,,,,,,,,,
002870,,,,,,,,,,,,
024890,,,,,,,,,,,,
024070,,,,,,,,,,,,
009140,,,,,,,,,,,,
009810,,,,,,,,,,,,
118000,,,,,,,,,,,,
000040,,,,,,,,,,,,
001070,,,,,,,,,,,,
090370,,,,,,,,,,,,
357430,,,,,,,,,,,,
006740,,,,,,,,,,,,
030720,,,,,,,,,,,,
015260,,,,,,,,,,,,
002690,,,,,,,,,,,,
009460,,,,,,,,,,,,
014130,,,,,,,,,,,,
446070,,,,,,,,,,,,
088790,,,,,,,,,,,,
023150,,,,,,,,,,,,
002420,,,,,,,,,,,,
005360,,,,,,,,,,,,
003680,,,,,,,,,,,,
010400,,,,,,,,,,,,
006570,,,,,,,,,,,,
069640,,,,,,,,,,,,
008775,,,,,,,,,,,,
002820,,,,,,,,,,,,
033250,,,,,,,,,,,,
004870,,,,,,,,,,,,
002355,,,,,,,,,,,,
465770,,,,,,,,,,,,
044380,,,,,,,,,,,,
003495,,,,,,,,,,,,
005110,,,,,,,,,,,,
143210,,,,,,,,,,,,
011090,,,,,,,,,,,,
004270,,,,,,,,,,,,
012170,,,,,,,,,,,,
025890,,,,,,,,,,,,
001420,,,,,,,,,,,,
009310,,,,,,,,,,,,
00499K,,,,,,,,,,,,
001685,,,,,,,,,,,,
001515,,,,,,,,,,,,
45226K,,,,,,,,,,,,
001770,,,,,,,,,,,,
015020,,,,,,,,,,,,
108675,,,,,,,,,,,,
071950,,,,,,,,,,,,
019685,,,,,,,,,,,,
005257,,,,,,,,,,,,
008600,,,,,,,,,,,,
009440,,,,,,,,,,,,
18064K,,,,,,,,,,,,
005725,,,,,,,,,,,,
002070,,,,,,,,,,,,
204210,,,,,,,,,,,,
000087,,,,,,,,,,,,
001795,,,,,,,,,,,,
00806K,,,,,,,,,,,,
008500,,,,,,,,,,,,
001755,,,,,,,,,,,,
00781K,,,,,,,,,,,,
140910,,,,,,,,,,,,
33637L,,,,,,,,,,,,
004105,,,,,,,,,,,,
38380K,,,,,,,,,,,,
084695,,,,,,,,,,,,
004255,,,,,,,,,,,,
012205,,,,,,,,,,,,
145995,,,,,,,,,,,,
001067,,,,,,,,,,,,
003075,,,,,,,,,,,,
000225,,,,,,,,,,,,
145210,,,,,,,,,,,,
004835,,,,,,,,,,,,
001065,,,,,,,,,,,,
004985,,,,,,,,,,,,
009415,,,,,,,,,,,,
26490K,,,,,,,,,,,,
000325,,,,,,,,,,,,
090355,,,,,,,,,,,,
000145,,,,,,,,,,,,
000545,,,,,,,,,,,,
36328K,,,,,,,,,,,,
007575,,,,,,,,,,,,
005745,,,,,,,,,,,,
005965,,,,,,,,,,,,
014285,,,,,,,,,,,,
014825,,,,,,,,,,,,
002995,,,,,,,,,,,,
008355,,,,,,,,,,,,
004545,,,,,,,,,,,,
000227,,,,,,,,,,,,
002785,,,,,,,,,,,,
011155,,,,,,,,,,,,
001525,,,,,,,,,,,,
004415,,,,,,,,,,,,
014915,,,,,,,,,,,,
002787,,,,,,,,,,,,
001527,,,,,,,,,,,,
