ticker,year,roe
033780,2021,
033780,2022,0.10904077055756961
033780,2023,0.09763759955422509
028670,2022,0.15071014494043988
028670,2023,0.0532353243091021
139130,2022,0.07359663383695998
139130,2023,0.0672934031222508
139480,2022,0.09183843669567142
139480,2023,-0.007863096098543295
00680K,2021,
00680K,2022,0.06248485256328764
00680K,2023,0.029193728645531433
007340,2021,
007340,2022,0.206752514873015
007340,2023,0.2728585132802075
004990,2021,
004990,2022,0.02399953254344683
004990,2023,-0.0021996120368158985
009970,2021,
009970,2022,0.21527100994761256
009970,2023,0.16884104142150494
012750,2021,
012750,2022,0.09916957574529787
012750,2023,0.1214267795989467
229640,2021,
229640,2022,-0.01294058150899049
229640,2023,0.028148862674034172
000155,2021,
000155,2022,-0.3888905795884704
000155,2023,-0.22740525699719252
120110,2021,
120110,2022,0.06890659593748207
120110,2023,0.015802673769051406
103140,2021,
103140,2022,0.09518356707979862
103140,2023,0.08220741879826107
483650,2022,0.5265639327381927
483650,2023,1.581413834865017
051600,2021,
051600,2022,0.08240450816942796
051600,2023,0.13075227403916984
001430,2021,
001430,2022,0.048247538397206954
001430,2023,0.06678364230229841
001450,2021,
001450,2022,0.13619728267045467
001450,2023,0.0738197840025773
112610,2021,
112610,2022,0.0021687086540847695
112610,2023,0.02182752644745388
026960,2022,0.10967994604199803
026960,2023,0.09231502840890192
011210,2021,
011210,2022,0.01970912351404248
011210,2023,0.027258222640856578
007810,2022,0.1438326876143666
007810,2023,-0.08052258446925661
008770,2021,
008770,2022,-0.09293922636886495
008770,2023,0.14976036321486585
018670,2021,
018670,2022,0.10982027468548697
018670,2023,0.1285220287161249
069960,2021,
069960,2022,0.031428870255686546
069960,2023,-0.017625132084386052
279570,2021,
279570,2022,0.046480726703182776
279570,2023,0.006991905990189393
097230,2021,
097230,2022,-0.1302719604421175
097230,2023,-0.31413696237096145
282330,2021,
282330,2022,0.2010526752192898
282330,2023,0.19228001405948372
017960,2021,
017960,2022,0.050129845914341754
017960,2023,-0.03132064402554933
008930,2022,0.09549491857037021
008930,2023,0.15225164281294762
000240,2021,
000240,2022,0.043052237032090206
000240,2023,0.04756285226495169
005440,2021,
005440,2022,0.032237413723400825
005440,2023,0.49807042148424285
192820,2021,
192820,2022,0.03587469188377494
192820,2023,0.12109924850771438
009420,2021,
009420,2022,0.0014945853435485157
009420,2023,0.019796088458782137
004370,2021,
004370,2022,0.05039655569731525
004370,2023,0.07261944218644137
000120,2021,
000120,2022,0.05084444719574735
000120,2023,0.06266613576910811
322000,2021,
322000,2022,0.15885941282608948
322000,2023,-0.0076056709675879335
077970,2021,
077970,2022,-0.10252970102493289
077970,2023,0.021869206931418427
030000,2021,
030000,2022,0.15983910729515985
030000,2023,0.14992546671789495
161890,2021,
161890,2022,-0.0330995701986563
161890,2023,0.007910019776851199
361610,2021,
361610,2022,-0.013648506405099662
361610,2023,0.035827308881892624
007070,2021,
007070,2022,0.00998693918445289
007070,2023,0.004360926029234805
003690,2021,
003690,2022,0.10254014047646397
003690,2023,0.09512192943477729
085620,2021,
085620,2022,0.030539948635846633
085620,2023,0.02855482242956876
298020,2021,
298020,2022,0.00948018684038234
298020,2023,0.0746373707473523
005070,2021,
005070,2022,0.11025707103701415
005070,2023,0.0740733988956148
002790,2021,
002790,2022,0.018542953268826788
002790,2023,0.03572064941890534
003540,2021,
003540,2022,0.04332825774442142
003540,2023,0.04693422151586232
081660,2021,
081660,2022,0.1831698566352811
081660,2023,0.022501240336234407
395400,2023,
023590,2021,
023590,2022,0.1609183096226404
023590,2023,0.09349131089972032
003530,2021,
003530,2022,-0.03527145152910618
003530,2023,0.00594409614004071
001120,2021,
001120,2022,0.22785555887692538
001120,2023,0.051654046863010596
462870,2022,-0.209059850745543
462870,2023,0.9916475316792726
003570,2021,
003570,2022,0.03490822213144772
003570,2023,0.07285124327526532
069620,2021,
069620,2022,0.06947090703994664
069620,2023,0.17703316829427182
006040,2022,0.07398240490214425
006040,2023,0.08623443007437609
030610,2021,
030610,2022,0.02771749624518679
030610,2023,0.03928871691627383
004000,2021,
004000,2022,0.06370756350786154
004000,2023,0.07783412130653866
012630,2021,0.04749788917390076
012630,2022,-0.002127478734177182
012630,2023,0.04563023638883011
032350,2021,
032350,2022,-0.9553540439245638
032350,2023,-1.3287110379049476
006280,2021,
006280,2022,0.04928245499253254
006280,2023,-0.02026495311035369
294870,2021,0.061351625195939966
294870,2022,0.017453368945495838
294870,2023,0.058645889173309866
195870,2021,
195870,2022,0.3563630283035025
195870,2023,0.1754596700166419
001800,2021,
001800,2022,0.04756977811877759
001800,2023,0.039267569268868555
034230,2021,
034230,2022,0.018606976015526386
034230,2023,0.045203707902570174
051915,2022,0.05867502187241618
051915,2023,0.04204101878823554
073240,2021,
073240,2022,-0.07012974586675769
073240,2023,0.13200158119998393
020560,2021,
020560,2022,0.15978840398603447
020560,2023,0.16614224367586344
007310,2021,
007310,2022,0.1510582156995276
007310,2023,0.08546483059515952
003470,2022,0.02894629488493594
003470,2023,0.04079471248693625
006340,2021,
006340,2022,0.014782559732174471
006340,2023,0.1001724183507429
093370,2021,
093370,2022,0.2649769813898245
093370,2023,-0.15886981872251807
001740,2021,
001740,2022,0.03834289835760741
001740,2023,-0.00032446692844591524
281820,2021,
281820,2022,0.13001840673627107
281820,2023,0.07216169424170063
100090,2021,
100090,2022,0.0427313281985056
100090,2023,0.094579238126998
000210,2021,
000210,2022,0.017782643224703815
000210,2023,-0.03438287546802216
082640,2021,
082640,2022,-0.0023374123038882545
082640,2023,0.061782615572932534
003090,2021,
003090,2022,0.12374763142037236
003090,2023,0.17312652812882534
192080,2021,
192080,2022,-0.18126583240660366
192080,2023,0.18620984136222493
003240,2021,
003240,2022,0.06346625361773103
003240,2023,-0.00463080024407204
181710,2021,
181710,2022,-0.018964279237806702
181710,2023,-0.00513618825091589
300720,2021,
300720,2022,0.054405021502115014
300720,2023,0.11211639942437546
089860,2021,
089860,2022,0.07292400171303719
089860,2023,0.0901276622778421
000670,2021,
000670,2022,0.09392292802558551
000670,2023,-0.015762419163674123
330590,2023,
456040,2023,0.05307842642180602
000080,2021,
000080,2022,0.07496232042350416
000080,2023,0.03160638222786396
100840,2021,
100840,2022,0.07256677928360504
100840,2023,0.08493870088727834
280360,2022,0.02324019831148364
280360,2023,0.034592515388745214
001510,2021,
001510,2022,0.014925512005109397
001510,2023,0.004025842530707372
005690,2021,
005690,2022,0.10776466387906089
005690,2023,0.045561456936136786
298050,2021,
298050,2022,0.1771661935635768
298050,2023,0.0604184620109502
000815,2021,
000815,2022,0.1298854222844722
000815,2023,0.12711990305266022
185750,2021,
185750,2022,0.13006790331038673
185750,2023,0.29556082238948905
006650,2021,
006650,2022,-0.08005203833271138
006650,2023,-0.015754133594250215
009155,2021,
009155,2022,0.1300726173704123
009155,2023,0.054978686479533
066575,2021,
066575,2022,0.06299679845965493
066575,2023,0.03688359391406369
005300,2021,
005300,2022,0.0921778950571531
005300,2023,0.11611863965092038
006110,2021,
006110,2022,0.12474111324135351
006110,2023,0.017337697413000737
075580,2021,
075580,2022,0.07068149106704384
075580,2023,0.09924086629670126
248070,2021,
248070,2022,0.1626080167399385
248070,2023,0.34826475284625347
365550,2023,
071055,2022,0.08292904313544701
071055,2023,0.08807910545121345
002020,2021,
002020,2022,0.14645360685927625
002020,2023,0.007915111997496976
009450,2021,
009450,2022,0.10349984273095443
009450,2023,0.15086405567805392
192400,2021,
192400,2022,0.1205748522592335
192400,2023,0.1272270918908136
033240,2021,
033240,2022,-0.1112680309666177
033240,2023,-0.06757620686685449
006120,2021,
006120,2022,0.15162526061763942
006120,2023,0.06632551376734602
057050,2021,
057050,2022,0.044070293812609816
057050,2023,0.067811711650125
108320,2021,
108320,2022,0.24589879716439594
108320,2023,0.10503061840352873
484870,2021,
484870,2022,0.03880622189270382
484870,2023,0.07871298163138434
079900,2021,
079900,2022,0.25119120823270424
079900,2023,0.2934863062877848
036530,2021,
036530,2022,0.05210418229939973
036530,2023,0.08497988576304186
00088K,2021,
00088K,2022,0.10861147340090095
00088K,2023,0.03522370324069364
137310,2021,
137310,2022,0.3095343294290533
137310,2023,-0.16217568862547502
285130,2021,
285130,2022,0.08909775627728747
285130,2023,0.018691701642167994
003160,2021,
003160,2022,0.09651630365095634
003160,2023,0.02085572088129244
025540,2021,
025540,2022,0.055968546560500675
025540,2023,0.08089978237635927
336370,2021,
336370,2022,-0.020798880133122883
336370,2023,0.29338986255956845
090460,2021,
090460,2022,0.25666233233936
090460,2023,0.15108968822679564
004490,2021,
004490,2022,0.03532734827408321
004490,2023,0.09288039605606441
064960,2022,0.09955151153216749
064960,2023,0.09545899950384559
005090,2021,
005090,2022,0.16253091323391433
005090,2023,0.05961268435427107
030190,2021,
030190,2022,0.15424676057269185
030190,2023,0.15760163797577642
178920,2022,0.13387042002726685
178920,2023,-0.00547151735404979
071320,2021,
071320,2022,-0.11062126174838463
071320,2023,0.10632990170104857
003030,2021,
003030,2022,0.18515351833935823
003030,2023,0.17178732882153017
003620,2021,
003620,2022,-0.055021840831093426
003620,2023,0.008203949585180358
079160,2021,
079160,2022,-0.44153185943293544
079160,2023,-0.24116244446486845
009240,2021,
009240,2022,-0.16013781626737134
009240,2023,-0.15771470590841372
003850,2021,
003850,2022,0.08120375984662302
003850,2023,0.07552182277545264
005880,2021,
005880,2022,0.10324122540512633
005880,2023,0.04354825176059773
011930,2021,
011930,2022,0.1617816620905363
011930,2023,0.07144704496481145
007700,2021,
007700,2022,0.06445877696809975
007700,2023,0.058418865775105314
00104K,2021,
00104K,2022,0.038989320941397725
00104K,2023,0.0364209604561911
317450,2021,
214320,2021,
214320,2022,0.08310096886703676
214320,2023,0.11560767596259816
001270,2021,
001270,2022,0.060895293277030464
001270,2023,0.07889270207670898
014820,2021,
014820,2022,0.09935590289388077
014820,2023,0.08557699987034692
000370,2021,
000370,2022,0.07081888862822662
000370,2023,0.07762947601345453
217590,2021,
217590,2022,-0.07596572194822918
217590,2023,0.10101594157097733
001500,2021,
001500,2022,0.0711244011520092
001500,2023,0.042766973899526266
161000,2021,
161000,2022,0.08260729513908041
161000,2023,0.0451997130429911
010780,2021,
010780,2022,0.1400694247137744
010780,2023,0.10904393109712593
093050,2021,
093050,2022,0.10367158625605974
093050,2023,0.05506458619001899
069260,2021,
069260,2022,0.11038733944495342
069260,2023,0.17053136802688687
460860,2023,0.08259213280405416
016380,2021,
016380,2022,0.31702000170787126
016380,2023,0.13088326025621128
001060,2021,
001060,2022,0.13268622697696167
001060,2023,0.14632950692123817
249420,2021,
249420,2022,-0.7403380511376024
249420,2023,-0.4375343029087362
114090,2021,
114090,2022,-0.05946933104108953
114090,2023,0.11041239369855727
002350,2021,
002350,2022,-0.017480148994283552
002350,2023,0.06258158766496194
017940,2021,
017940,2022,0.09831555702134688
017940,2023,0.13900635709163506
001680,2021,
001680,2022,0.06373663888243898
001680,2023,0.051119036545164837
293940,2023,
005420,2021,
005420,2022,0.05256562213711285
005420,2023,-0.10553035133089625
002840,2021,
002840,2022,0.2112500578032264
002840,2023,0.16953156038039438
383800,2022,0.1056053250805509
383800,2023,0.0481633603049047
015860,2021,
015860,2022,0.04261185765351806
015860,2023,0.062387422593274885
005180,2021,
005180,2022,0.04461080455875825
005180,2023,0.1416475534282514
001820,2021,
001820,2022,0.13009356798345345
001820,2023,0.08902555465544744
058650,2021,
058650,2022,0.05958845584663008
058650,2023,0.03887990778979574
009900,2021,
009900,2022,0.2233243473684964
009900,2023,0.3322286601517958
002240,2021,
002240,2022,0.050642727918582285
002240,2023,0.04360411080707172
017900,2021,
017900,2022,0.060843534168697304
017900,2023,-0.004182122486130007
016610,2021,
016610,2022,-8.547149480727723e-05
016610,2023,0.006471463359363125
271940,2021,
271940,2022,0.02237979595684714
271940,2023,0.004469986214831911
039130,2021,
039130,2022,-0.5415246641736692
039130,2023,0.32028671046518437
000640,2021,
000640,2022,0.011357346671323832
000640,2023,0.058150595083904154
000400,2021,
000400,2022,-0.05501980611099905
000400,2023,0.1839669370129365
003280,2021,
003280,2022,0.17351398979614335
003280,2023,0.230229491776955
005250,2021,
005250,2022,0.031629502839703845
005250,2023,-0.05365378804886705
010820,2021,
010820,2022,0.031664451487064794
010820,2023,0.07765028580629085
001570,2021,
001570,2022,-0.28287347519483863
001570,2023,-0.3851861383650792
002960,2021,
002960,2022,0.23656455786448716
002960,2023,0.3126572657661512
005810,2021,
005810,2022,0.07658183245749722
005810,2023,0.08448214171664561
453340,2023,0.06250384162072452
006380,2021,
006380,2022,-6.999529691283735
006380,2023,-30.02992161596086
130660,2021,
130660,2022,0.16924222308576067
130660,2023,0.15533547406823214
008060,2021,
008060,2022,0.031773218863266076
008060,2023,0.021065881355017187
005389,2021,
005389,2022,0.08942838812921355
005389,2023,0.13682527583407714
008730,2022,-0.01242936018205324
008730,2023,-0.05963429081020542
019170,2021,
019170,2022,-0.10733067850700581
019170,2023,-0.191341954017162
268280,2021,
268280,2022,0.17110526949637883
268280,2023,0.049486233574253094
001200,2021,
001200,2022,0.01606358437025214
001200,2023,0.030888777666471433
003545,2021,
003545,2022,0.04332825774442142
003545,2023,0.04693422151586232
020000,2021,
020000,2022,0.09206750969167236
020000,2023,0.06137326376118907
001530,2021,
001530,2022,0.08995311840099533
001530,2023,0.00546255293210889
003000,2021,
003000,2022,-0.009402318090778274
003000,2023,-0.1279992723542094
009410,2021,
009410,2022,0.022786587352584476
009410,2023,-4.734174590799276
014830,2021,
014830,2022,0.13783977564736763
014830,2023,0.01802537966619143
003300,2021,
003300,2022,0.06304510925921003
003300,2023,0.07121956969329171
452260,2023,-0.036326379997769886
284740,2021,
284740,2022,0.16371145084853708
284740,2023,0.14852299636938132
000157,2021,
000157,2022,-0.3888905795884704
000157,2023,-0.22740525699719252
005945,2021,
005945,2022,0.0420049137572883
005945,2023,0.0750163193254517
006405,2021,
006405,2022,0.11841448959841619
006405,2023,0.11482135975536943
034310,2021,
034310,2022,0.04882496893295413
034310,2023,0.0051401935016919705
105840,2021,
105840,2022,0.0606329871512313
105840,2023,0.07190717079070505
004690,2021,
004690,2022,0.03503149853002623
004690,2023,0.08226393929825332
031430,2021,
031430,2022,0.14241219534970195
031430,2023,0.04669476814872736
092790,2021,
092790,2022,0.5054710595772413
092790,2023,0.35491233932888094
377740,2022,0.19235531428284883
377740,2023,-0.012985931852598442
002030,2021,
002030,2022,0.08556597353968082
002030,2023,0.09062532158825441
000070,2021,0.13570777790725097
000070,2022,0.04007863659442547
000070,2023,0.09108655014182347
381970,2021,
381970,2022,0.1235194734249072
381970,2023,0.11800922668036529
002710,2021,
002710,2022,0.1439724597993103
002710,2023,-0.035670224263928546
058430,2021,
058430,2022,0.06637641293427843
058430,2023,0.07067597876208762
306200,2021,
306200,2022,0.19215191146964503
306200,2023,0.20679940061728735
090435,2022,0.02802368187483926
090435,2023,0.03714741640457815
027410,2021,
027410,2022,0.014928117034871367
027410,2023,0.04808752249478601
950210,2022,-0.49181787015223966
950210,2023,0.03990994981728638
016590,2021,
016590,2022,0.08556392164231448
016590,2023,0.08406806340551295
029530,2021,
029530,2022,0.047201733678541816
029530,2023,0.05654098977070997
126720,2021,
126720,2022,0.09119073984056561
126720,2023,0.10212864780695004
015360,2021,
015360,2022,-0.020731900263814204
015360,2023,0.04990935559968117
006220,2021,
006220,2022,0.043728705729955124
006220,2023,0.009645411527788939
145990,2021,
145990,2022,0.052111001071822975
145990,2023,0.07579730549891474
025860,2021,
025860,2022,0.0923720255608616
025860,2023,0.023419987800870887
403550,2021,
403550,2022,-0.07325965666388753
403550,2023,-0.18433237840334799
192650,2021,
192650,2022,0.15801750204895879
192650,2023,0.03738566602445585
010690,2021,
010690,2022,0.2079659405081946
010690,2023,0.19271711880977416
344820,2021,
344820,2022,0.06514304725115724
344820,2023,0.05576711718007978
004700,2021,
004700,2022,0.016033416981040504
004700,2023,0.02225972746716007
003720,2021,
003720,2022,0.0521226166097681
003720,2023,0.31445516631840714
072710,2021,
072710,2022,0.031705376775724346
072710,2023,0.06109403666076851
105630,2021,
105630,2022,0.1594439402834381
105630,2023,0.1897645635957655
145720,2021,
145720,2022,0.23019665539741596
145720,2023,0.2302351045103557
357120,2022,
357120,2023,
029460,2021,
029460,2022,0.1408746960174847
029460,2023,0.06440169010522742
089590,2021,
089590,2022,-0.6246261806071097
089590,2023,0.4486191546804332
183190,2021,
183190,2022,0.06585122643041845
183190,2023,0.08960405734142815
017810,2021,
017810,2022,-0.04512242759832387
017810,2023,0.05347733442572998
009160,2021,
009160,2022,0.1269627033849411
009160,2023,-0.0109347305029415
170900,2021,
170900,2022,0.02017943640845358
170900,2023,0.016738807567843548
194370,2021,
194370,2022,0.25296031159504173
194370,2023,0.35784365232322235
005610,2021,
005610,2022,0.1368173302156538
005610,2023,0.12430928380467801
084010,2021,
084010,2022,0.17734908351696704
084010,2023,0.09879652361566907
001390,2021,
001390,2022,0.39997727844589714
001390,2023,0.11060883662869368
012030,2021,
012030,2022,0.02004694246614429
012030,2023,0.059642419548539466
011760,2021,
011760,2022,0.18177666992419445
011760,2023,0.16565166152269484
009290,2021,
009290,2022,0.0467281975135627
009290,2023,0.06961848025836494
097520,2021,
097520,2022,0.07433170849754564
097520,2023,0.08827123530803037
016800,2021,
016800,2022,0.012425698564304
016800,2023,0.13331937972889868
060980,2021,
060980,2022,0.003084866221387942
060980,2023,0.0501175218094043
034830,2021,
034830,2022,0.023563814649717175
034830,2023,-0.008360116081916176
200880,2021,
200880,2022,0.07713896114538431
200880,2023,0.1968003828131304
017860,2021,
017860,2022,0.19490208104370363
017860,2023,0.1920389433630395
002810,2021,
002810,2022,0.11639615028709666
002810,2023,0.10380627072288827
018250,2021,
018250,2022,0.046203920500717935
018250,2023,0.13079200196835497
091810,2021,
091810,2022,-1.9977564791732048
091810,2023,0.9155821151933886
078520,2021,
078520,2022,0.008131271292791616
078520,2023,0.06053039481471605
026890,2021,
026890,2022,0.06824686113412559
026890,2023,0.11382483307918313
005720,2021,
005720,2022,0.015483920759142853
005720,2023,0.03628243149784907
092220,2021,
092220,2022,0.07350607659892408
092220,2023,-0.11798925533184092
092230,2021,
092230,2022,0.010752113411872493
092230,2023,0.09543942792317749
104700,2021,
104700,2022,0.10944550215014669
104700,2023,0.08262812012189735
001750,2021,
001750,2022,0.05231604877106433
001750,2023,0.07396731508924954
011500,2021,
011500,2022,0.056171183729734966
011500,2023,0.07868261770845207
001250,2021,
001250,2022,0.17679762519105016
001250,2023,0.06781278338165538
001230,2021,
001230,2022,0.127456284594137
001230,2023,0.09451014806970152
007690,2021,
007690,2022,0.0879193548217184
007690,2023,0.00917076043778737
02826K,2021,
02826K,2022,0.07661279076481903
02826K,2023,0.07282780711336696
126560,2021,
126560,2022,-0.007150053361922307
126560,2023,-0.002518482920268034
108670,2021,
108670,2022,-0.1501327661123954
108670,2023,0.07661360571632284
001940,2021,
001940,2022,0.07992240160167867
001940,2023,0.08374898898265039
272450,2021,
272450,2022,-0.6690520840742484
272450,2023,1.125236035802177
004710,2022,0.04804933510681947
004710,2023,0.1324991229833557
002900,2021,
002900,2022,0.2926624524477154
002900,2023,0.16804210227116753
002310,2021,
002310,2022,0.11737139516021577
002310,2023,0.09800610843102327
286940,2021,
286940,2022,0.07176005814507672
286940,2023,0.099750770647614
006805,2021,
006805,2022,0.06248485256328764
006805,2023,0.029193728645531433
084690,2021,
084690,2022,0.04380130622855743
084690,2023,0.028536689174183706
011690,2021,
011690,2022,-0.026837769026757424
011690,2023,-0.003744525918821963
900140,2021,-0.040932915286797586
900140,2022,-0.09200883223182472
900140,2023,-0.1025867032189761
024720,2021,
024720,2022,-0.009847360330997503
024720,2023,-0.00610559031912448
005010,2021,
005010,2022,0.2498450101752913
005010,2023,0.07535459802100865
000680,2021,
000680,2022,-0.004343767373079595
000680,2023,0.019186551390115325
033270,2021,
033270,2022,0.1340068808439496
033270,2023,0.13470812483356612
001340,2021,
001340,2022,0.10827493110062801
001340,2023,0.03651455678424893
004430,2021,
004430,2022,0.19327241137847886
004430,2023,0.05020407516420379
017390,2022,0.016853965963288933
017390,2023,0.019085235887442355
123890,2021,
123890,2022,0.1160856093337685
123890,2023,0.1317850071498746
005680,2021,
005680,2022,0.03587890802538922
005680,2023,0.026290095039222344
037270,2021,
037270,2022,0.08163653729370741
037270,2023,0.14115469409223733
004360,2021,
004360,2022,0.10531906474962177
004360,2023,0.06782303414499517
092200,2021,
092200,2022,0.02989898482169919
092200,2023,0.31136879704582043
001460,2021,
001460,2022,0.06842474530257726
001460,2023,0.04506859782769544
003520,2021,
003520,2022,-0.24436400060373523
003520,2023,-0.04318093174207158
128820,2021,
128820,2022,-0.019428363943882147
128820,2023,-0.010478386611874575
096760,2021,
096760,2022,0.20704295761478597
096760,2023,0.16476045290578226
053690,2021,
053690,2022,0.13215110821930157
053690,2023,0.07882331570042633
000490,2021,
000490,2022,0.11213486195462496
000490,2023,0.04406783450465971
003920,2021,
003920,2022,-0.10629746500178924
003920,2023,-0.09429051434013601
475560,2021,
475560,2022,0.15279783285908502
475560,2023,0.17673682372916963
037710,2022,0.07209255989512903
037710,2023,0.059981933872054465
002320,2021,
002320,2022,0.034100694614551806
002320,2023,0.018616693252297957
088260,2022,
088260,2023,
003120,2021,
003120,2022,0.24202776850487887
003120,2023,-0.05035387393567552
003960,2021,
003960,2022,0.14322604622655608
003960,2023,0.1687340226883326
034120,2021,
034120,2022,0.1858131411822128
034120,2023,0.05449333950839465
000320,2021,
000320,2022,0.06340923595653454
000320,2023,0.06307156747481121
003200,2021,
003200,2022,0.12938739880105843
003200,2023,0.009007001182470057
009470,2021,
009470,2022,0.15720997192428246
009470,2023,0.0791616326293508
432320,2023,
241590,2021,
241590,2022,-0.018614567266452837
241590,2023,-0.04997771816239182
334890,2023,
001780,2021,
001780,2022,0.058674471519954564
001780,2023,0.07189338976836879
003070,2021,
003070,2022,0.2569309873469991
003070,2023,0.0005041358518359303
000050,2021,
000050,2022,0.005847493395620206
000050,2023,-0.018023565411437095
134380,2021,
134380,2022,0.12252797278908571
134380,2023,0.15739027652561205
030210,2021,
030210,2022,0.09269188056239619
030210,2023,-0.016554849200848862
044450,2021,
044450,2022,0.11191912381171017
044450,2023,0.041225677073316425
000650,2021,
000650,2022,-0.22569417678627743
000650,2023,-0.210751302711081
404990,2022,
404990,2023,
000540,2021,
000540,2022,0.07993071537417516
000540,2023,0.1492131146382236
035510,2021,
035510,2022,0.23206265976352164
035510,2023,0.081865688884576
226320,2021,
226320,2022,-0.018497650797040598
226320,2023,0.009204089715512242
005950,2021,
005950,2022,0.09070488870713125
005950,2023,-0.13495440605954662
007160,2021,
007160,2022,0.13607685319014776
007160,2023,0.036928520535611846
000430,2021,
000430,2022,0.03898199397727666
000430,2023,0.06171891116556782
004980,2021,
004980,2022,-0.06713082409537326
004980,2023,0.14376443250818843
136490,2021,
136490,2022,0.05468615031596958
136490,2023,0.03259061535139326
001130,2022,0.04482382147313795
001130,2023,0.0849716089702882
084680,2021,
084680,2022,0.0228656314093309
084680,2023,-0.039212991650420824
008350,2021,
008350,2022,0.09108221496065316
008350,2023,-0.0008649986260156451
013890,2021,
013890,2022,0.04690855261802119
013890,2023,0.008462486852579462
004560,2021,
004560,2022,0.04964027077276618
004560,2023,-0.059292341508925595
122900,2021,
122900,2022,0.06208723902572117
122900,2023,0.04313258318116493
004310,2021,
004310,2022,-0.0019014818885789626
004310,2023,0.07150888664767578
033920,2021,
033920,2022,-0.027472674631839878
033920,2023,0.12826095289476497
001790,2021,
001790,2022,0.04752243231809891
001790,2023,0.05966674707563539
013580,2021,
013580,2022,0.08092493982630401
013580,2023,0.06113609746205476
051905,2022,0.04430790533916037
051905,2023,0.02650311137994749
001630,2021,
001630,2022,0.002031625994187776
001630,2023,0.08610879160535402
005500,2021,
005500,2022,0.07951447306771268
005500,2023,0.06993945891220252
010580,2021,
010580,2022,0.1376689666264355
010580,2023,0.01029883110700156
244920,2021,
244920,2022,0.34516368513270307
244920,2023,0.06883469322936074
004380,2021,
004380,2022,0.07901315698038297
004380,2023,0.004766383786253753
298690,2021,
298690,2022,-1.1874457042287339
298690,2023,0.6644608907340815
009680,2021,
009680,2022,0.04991688435385438
009680,2023,0.0626038283336804
033530,2021,
033530,2022,0.004271157973695483
033530,2023,0.009878776742354517
028100,2021,
028100,2022,-0.10293643548562091
028100,2023,0.04541706424362484
210980,2021,
210980,2022,0.10996320556265843
210980,2023,0.1413054272181136
035150,2021,
035150,2022,0.25372786503989003
035150,2023,0.21467195647826612
008490,2021,
008490,2022,0.08065836540446221
008490,2023,0.014448996084070524
117580,2021,
117580,2022,-0.0024073610854710077
117580,2023,0.047165566138015674
025000,2021,
025000,2022,0.04899289665850887
025000,2023,0.10629751909628593
002150,2021,
002150,2022,0.0061745309211329435
002150,2023,0.07695588253061414
000480,2021,
000480,2022,0.059183541386083185
000480,2023,0.0006313599822625832
000390,2021,
000390,2022,0.01876335037384027
000390,2023,0.05326627028187648
348950,2021,
348950,2022,
348950,2023,
016880,2021,
016880,2022,0.10561494473547191
016880,2023,-0.14769560412736785
095570,2021,
095570,2022,0.024475732742004933
095570,2023,0.042231190505905125
012200,2021,
012200,2022,-0.19182909515904692
012200,2023,-0.010186631539066583
003220,2021,
003220,2022,0.12729509446241757
003220,2023,0.09249582650935598
017550,2021,
017550,2022,0.11367381517954978
017550,2023,0.10745337917208589
053210,2021,
053210,2022,0.027137935222350803
053210,2023,-0.12834323175553827
010955,2021,
010955,2022,0.24805736898431527
010955,2023,0.1083095894911225
003547,2021,
003547,2022,0.04332825774442142
003547,2023,0.04693422151586232
003555,2021,
003555,2022,0.07777547500025046
003555,2023,0.0489022062115878
007860,2021,
007860,2022,0.12332505802403479
007860,2023,0.19084955627717198
003350,2021,
003350,2022,0.08536476512280416
003350,2023,0.14582223900603875
031440,2021,
031440,2022,-0.018435389611099782
031440,2023,0.03658298897708613
339770,2021,
339770,2022,0.029838007579535697
339770,2023,0.07847422658167445
044820,2021,
044820,2022,-0.021687991902677197
044820,2023,0.03401301539226859
012610,2021,
012610,2022,0.05921032438096611
012610,2023,-0.045782563231132105
102260,2021,
102260,2022,0.09310368756315572
102260,2023,0.08664632058946348
03473K,2022,0.050875444408768365
03473K,2023,-0.03670872018649288
001080,2021,
001080,2022,0.011724839230522616
001080,2023,-0.017497549746895703
003650,2021,
003650,2022,0.07281218032881963
003650,2023,0.13890914303927174
005960,2021,
005960,2022,0.0686031843060608
005960,2023,-0.007554295794220559
016580,2021,
016580,2022,0.07172574285632877
016580,2023,0.08608792987825083
039570,2021,
039570,2022,0.04771598061689575
039570,2023,0.05072192307797535
000140,2021,
000140,2022,0.053982781122176804
000140,2023,0.0016500671239259989
001045,2022,0.038989320941397725
001045,2023,0.0364209604561911
003460,2021,
003460,2022,0.008420617714559812
003460,2023,0.014608437986454014
102460,2021,
102460,2022,0.030002924050819394
102460,2023,0.014437738710102116
005430,2021,
005430,2022,0.017019708207414976
005430,2023,0.09137808760482184
002100,2021,
002100,2022,0.11560985312002152
002100,2023,0.0797790324927103
234080,2021,
234080,2022,0.10661303515570228
234080,2023,0.18779824252088584
002780,2021,
002780,2022,0.22053103797668455
002780,2023,0.18395794539651464
018470,2021,
018470,2022,0.09538604289395636
018470,2023,-0.0007100558645862838
025820,2021,
025820,2022,0.044970093385520736
025820,2023,0.005185410165985703
003610,2021,
003610,2022,0.02765651398851251
003610,2023,-0.020985261696896015
271980,2021,
271980,2022,-0.08290149725967746
271980,2023,0.031627644730635444
081000,2021,
081000,2022,-0.01673883244705456
081000,2023,0.024842277934277505
007570,2021,
007570,2022,0.08269307034708712
007570,2023,-0.010443205171329304
015230,2021,
015230,2022,0.15468777261900246
015230,2023,0.1346976629046741
000860,2021,
000860,2022,0.010286297308585959
000860,2023,0.02725500486140981
100250,2021,
100250,2022,0.07304411848164911
100250,2023,0.1041540634037655
000520,2021,
000520,2022,-0.0002248219753119087
000520,2023,0.01311696761999132
101530,2021,
101530,2022,-0.009196453203728598
101530,2023,0.08312456383045375
460850,2023,0.010516802979240101
006060,2021,
006060,2022,0.002482015427626216
006060,2023,-0.07572847311264458
011785,2021,
011785,2022,0.17962020620812888
011785,2023,0.07765803996597177
003480,2022,0.043258121016764545
003480,2023,0.02224911302025975
213500,2021,
213500,2022,0.09943024029247585
213500,2023,0.002399143900855499
002990,2021,
002990,2022,0.03897412278319976
002990,2023,0.0021848404388184256
004960,2021,
004960,2022,0.06230161722615992
004960,2023,0.04270427955018227
004090,2021,
004090,2022,0.06765875413259691
004090,2023,0.08666410986529653
008970,2021,
008970,2022,0.0448485101664522
008970,2023,-0.017764546888545625
002170,2021,
002170,2022,0.036202655179030034
002170,2023,0.05097670538307521
001520,2021,
001520,2022,-0.0056157832842046425
001520,2023,0.023147540207264544
097955,2022,0.0882112991572001
097955,2023,0.055500123643139526
016450,2021,
016450,2022,0.0515311815430523
016450,2023,0.12298513212031864
007610,2021,
007610,2022,-0.38279017444678626
007610,2023,-0.5470846926529469
089470,2021,
089470,2022,0.037509591046868754
089470,2023,0.068645771551393
214420,2021,
214420,2022,-0.0008818277679411203
214420,2023,0.039541827516692475
317400,2021,
317400,2022,0.19472827516645277
317400,2023,0.08048293450731156
014280,2021,
014280,2022,0.13869085370105005
014280,2023,0.10092401615452681
400760,2023,
000300,2021,
000300,2022,-0.6272963641718892
000300,2023,5.699157721201688
071840,2021,
071840,2022,-0.4075445729635426
071840,2023,-0.027793736904346205
009580,2021,
009580,2022,0.0687302752810001
009580,2023,-0.03448262863060988
462520,2023,0.11081747738960981
037560,2021,
037560,2022,-0.04160461362129978
037560,2023,-0.07616791640808568
001360,2021,
001360,2022,-0.244595495237216
001360,2023,-0.27542218068647534
009070,2021,
009070,2022,0.10527983950385628
009070,2023,0.10262586176684647
293480,2021,
293480,2022,0.09056430027798777
293480,2023,0.08174785336389731
210540,2021,
210540,2022,0.0742783293452795
210540,2023,0.10904031860239016
077500,2021,
077500,2022,0.14193534430666876
077500,2023,0.06907471069100161
090350,2022,0.032744917640266435
090350,2023,0.076666766281236
013520,2021,
013520,2022,0.01676346040262607
013520,2023,0.02119259799921244
00279K,2022,0.018542953268826788
00279K,2023,0.03572064941890534
272550,2021,
272550,2022,0.03348353764304083
272550,2023,0.06915056310284115
008040,2021,
008040,2022,0.004482712244502028
008040,2023,0.04534998781809164
000020,2021,
000020,2022,0.0559369788617348
000020,2023,0.07454234668517166
000970,2021,
000970,2022,0.035128208733057296
000970,2023,0.04895817308973663
009270,2022,0.07839563867376985
009270,2023,0.026331499748405044
003830,2021,
003830,2022,0.046834456780330554
003830,2023,0.014573378189140094
33626K,2021,
33626K,2022,0.007386451705147238
33626K,2023,-0.016413953420462007
004970,2021,
004970,2022,0.02539111984491572
004970,2023,0.030404386208802803
021820,2021,
021820,2022,-0.025006876781593013
021820,2023,-0.01970179708519881
079430,2021,
079430,2022,-0.11577470871673974
079430,2023,-0.08118906073750834
012800,2021,
012800,2022,0.01501774148323479
012800,2023,-0.08314660339327247
078000,2021,
078000,2022,0.03469387568937837
078000,2023,0.047619375229885755
012320,2021,
012320,2022,0.031735306087216954
012320,2023,0.04374806993945733
000700,2021,
000700,2022,0.08639789462100946
000700,2023,0.03040982814002619
214390,2021,
214390,2022,0.004248941252271175
214390,2023,0.020649430109560572
004150,2022,0.08459369243767391
004150,2023,0.013079888189129652
094280,2021,
094280,2022,0.22694661218547493
094280,2023,0.21446161776162878
015890,2021,
015890,2022,0.0809167594382065
015890,2023,0.055474424065484036
070960,2021,
070960,2022,-0.03209011689930216
070960,2023,0.026195261287750456
011700,2021,
011700,2022,-0.05100992380001301
011700,2023,0.04027917173019075
016740,2021,
016740,2022,0.03803680729628256
016740,2023,0.10421335287007431
298000,2021,
298000,2022,-3.5672411482594555
298000,2023,-3.931005915579402
007540,2021,
007540,2022,0.052363904481311146
007540,2023,0.030614462848231452
035000,2022,0.10426997414744098
035000,2023,0.09087124321676619
025620,2021,
025620,2022,-0.515332212953357
025620,2023,-0.16660194314474303
020120,2021,
020120,2022,-0.010410256857973848
020120,2023,-0.1441451640631464
083420,2021,
083420,2022,0.02343572153544076
083420,2023,0.027588142343017884
010100,2021,
010100,2022,0.11414516751455622
010100,2023,0.1526146092430314
107590,2021,
107590,2022,0.09129567197074515
107590,2023,0.05816631166020868
024090,2021,
024090,2022,0.14185377213837277
024090,2023,-0.04050057641197432
123690,2021,
123690,2022,0.0263973563897602
123690,2023,0.14569121352781467
002220,2021,
002220,2022,-0.008747054138432485
002220,2023,4.321564165766793e-06
002620,2021,
002620,2022,-0.22073277817108702
002620,2023,-0.04944949992996583
002460,2021,
002460,2022,0.0680504393103775
002460,2023,0.05771971988320603
011280,2021,
011280,2022,0.0511969760860564
011280,2023,0.014841668941629985
350520,2022,
350520,2023,
001290,2021,
001290,2022,0.01646878058789047
001290,2023,0.0021292713527182538
363280,2021,
363280,2022,0.06094267702061834
363280,2023,-0.49093455175954925
027970,2021,
027970,2022,0.03337130182602601
027970,2023,-0.15685066240319237
019180,2021,
019180,2022,-0.05475788533373626
019180,2023,0.2865174459249354
139990,2021,
139990,2022,0.005543895680719806
139990,2023,-0.13450775037915905
013570,2021,
013570,2022,-0.012672477363794909
013570,2023,0.05256190704523846
002390,2021,
002390,2022,0.028128470306979913
002390,2023,-0.0801549454415767
014710,2021,
014710,2022,0.03468542297572581
014710,2023,-0.10106979364175649
004250,2022,0.08172496364632219
004250,2023,0.07541590242306062
007210,2021,
007210,2022,0.04121619130320761
007210,2023,0.1310172853626561
016710,2021,
016710,2022,0.007554741643465642
016710,2023,0.342348758055872
267290,2021,
267290,2022,0.06126886239803335
267290,2023,0.07508877760302082
004140,2021,
004140,2022,0.006368875246707441
004140,2023,0.10971698795304101
014580,2021,
014580,2022,0.13195265953117208
014580,2023,0.1281415180838133
095720,2021,
095720,2022,0.008552845993098144
095720,2023,-0.09303886147021762
004080,2021,
004080,2022,0.07920013677517737
004080,2023,0.08362719458285672
005800,2021,
005800,2022,0.06479485604819693
005800,2023,0.013752197538846163
067830,2021,
067830,2022,0.019778493745275176
067830,2023,0.029021650319601952
014530,2021,
014530,2022,0.10209253989044291
014530,2023,0.07414347486644374
023800,2021,
023800,2022,0.07083457373509662
023800,2023,0.0686328939684607
007110,2021,
007110,2022,0.0425075805984753
007110,2023,0.0296339137679776
014790,2021,
014790,2022,0.05875456604040165
014790,2023,0.06950487036677686
036580,2021,
036580,2022,-0.12418656433604527
036580,2023,-0.1401271238761547
120030,2021,
120030,2022,0.07743405229007606
120030,2023,0.092194785066502
227840,2021,
227840,2022,0.1503371841961893
227840,2023,0.1196166287548911
015590,2021,
015590,2022,0.10268884916396977
015590,2023,0.10801442334258868
248170,2021,
248170,2022,0.05762352335535489
248170,2023,0.04496621127891368
014160,2021,
014160,2022,0.07695382801689582
014160,2023,0.046406387419221116
005870,2021,
005870,2022,0.06414894322952831
005870,2023,0.11687021909557023
001020,2021,
001020,2022,-0.02969327252685325
001020,2023,0.08539103147047332
37550L,2021,
37550L,2022,0.09498768384434926
37550L,2023,0.0412047226619993
267850,2021,
267850,2022,0.05374574474777785
267850,2023,0.06748449649184747
036420,2021,
036420,2022,-0.28492525091836557
036420,2023,-1.0952155529108665
058850,2021,
058850,2022,0.09316407478152446
058850,2023,0.07830404558769218
034590,2021,
034590,2022,0.06092141056994797
034590,2023,0.08514665795890027
008260,2021,
008260,2022,0.259249870510821
008260,2023,0.2377429440984787
019680,2021,
019680,2022,-0.3364897848535797
019680,2023,-0.26643210040765736
079980,2021,
079980,2022,-0.2113449565837522
079980,2023,-0.33091675610704957
005740,2021,
005740,2022,0.028355284937298126
005740,2023,0.0681801966511983
002450,2021,
002450,2022,0.05778282304181884
002450,2023,0.013052913316542859
264900,2021,
264900,2022,0.14072780308196742
264900,2023,0.11812988104735238
006660,2021,
006660,2022,0.15907816689909465
006660,2023,0.05300428825777181
008700,2021,
008700,2022,0.14184379096503943
008700,2023,0.06905144866542397
017370,2021,
017370,2022,0.03074893884452529
017370,2023,0.07970605031601369
011810,2021,
011810,2022,-0.2702799712849964
011810,2023,-0.7398293050696102
023450,2021,
023450,2022,0.21232298627481988
023450,2023,0.11686841230410278
004100,2021,
004100,2022,-0.005622401122442904
004100,2023,0.0005970019707556398
006840,2021,
006840,2022,-0.11853016924469013
006840,2023,0.06172106408554546
001275,2021,
001275,2022,0.060895293277030464
001275,2023,0.07889270207670898
063160,2021,
063160,2022,-0.11300863316935941
063160,2023,-0.17865867303185004
010660,2021,
010660,2022,0.02762328445922453
010660,2023,0.005766746642321813
003580,2021,
003580,2022,-0.180565432685649
003580,2023,-0.4028147563032763
084670,2021,
084670,2022,-0.1706628372283911
084670,2023,-0.04296789662429627
032560,2021,
032560,2022,0.12122037282783255
032560,2023,0.06998679478459836
000230,2021,
000230,2022,-8.664424027722825
000230,2023,-2.3470864252683814
002200,2021,
002200,2022,0.07232437734995507
002200,2023,0.06604375170001654
011000,2021,
011000,2022,-0.21022647314863865
011000,2023,-0.5309114496099454
163560,2021,
163560,2022,0.0365228202521739
163560,2023,0.04415660414559056
119650,2021,
119650,2022,-0.39209182086425715
119650,2023,-0.9168898211367779
078935,2021,
078935,2022,0.17228381103768547
078935,2023,0.10048063645026631
058860,2021,
058860,2022,0.08079325484456767
058860,2023,0.06941898100227589
004840,2021,
004840,2022,0.004197595951360803
004840,2023,0.041290846415993544
031820,2021,
031820,2022,0.15967452701355206
031820,2023,0.02552856367542089
002700,2021,
002700,2022,0.012720748458211431
002700,2023,0.012877661592519818
007980,2021,
007980,2022,0.12473936918225102
007980,2023,0.02962176764057384
007460,2021,
007460,2022,-0.45867140011333196
007460,2023,-0.3065341293509756
001260,2021,
001260,2022,0.18067476890102785
001260,2023,0.054433349187838806
013360,2021,
013360,2022,0.06013249188534841
013360,2023,0.03329728581417086
006890,2021,
006890,2022,0.06022051353676874
006890,2023,0.11267565467130519
009180,2021,
009180,2022,0.23678571120522762
009180,2023,0.1681999928298468
055490,2021,
055490,2022,0.12795474535034806
055490,2023,0.053909413149064035
023000,2021,
023000,2022,0.05638820948675125
023000,2023,0.07018511144828803
002720,2021,
002720,2022,0.04802400238041507
002720,2023,-0.10583932597021234
096775,2021,
096775,2022,0.07984187396163588
096775,2023,0.012244864485757982
000180,2021,
000180,2022,-0.022160222211315302
000180,2023,-0.040994018513450366
014440,2021,
014440,2022,0.04222092873689312
014440,2023,0.036989070902614204
100220,2021,
100220,2022,-0.005150662487435135
100220,2023,-0.06532274675920997
010960,2021,
010960,2022,0.027077089736202025
010960,2023,0.06773225406213956
003010,2021,
003010,2022,-0.019513865216712896
003010,2023,0.06644940933269457
002210,2021,
002210,2022,-0.049561012112500934
002210,2023,-0.15157660129149145
011150,2021,
011150,2022,0.09803054108247033
011150,2023,0.05770007894952082
004890,2021,
004890,2022,0.05235120857401316
004890,2023,-0.002600332809094886
085310,2021,
085310,2022,0.09323345135272554
085310,2023,0.41190864215998646
000590,2021,
000590,2022,0.052378194103743496
000590,2023,0.059672131489910525
004440,2021,
004440,2022,-0.023052713858646934
004440,2023,0.007598203172466899
025560,2022,0.08593457956903508
025560,2023,-0.37102761599952766
005750,2021,
005750,2022,-0.00509716045387112
005750,2023,-0.029778759211651577
109070,2021,
109070,2022,-0.6694165029471872
109070,2023,-0.07431414845108048
071090,2021,
071090,2022,0.07727808733934662
071090,2023,0.00876598462907941
004720,2021,
004720,2022,0.3382487653468233
004720,2023,0.027670059846269073
002600,2021,
002600,2022,0.07219333845176416
002600,2023,0.0023384765008674447
013870,2021,
013870,2022,0.045775638376461696
013870,2023,0.04442750216466178
023810,2021,
023810,2022,0.11582259420886523
023810,2023,0.09491875170096029
001560,2021,
001560,2022,0.023753514002832994
001560,2023,0.11610241815441823
338100,2021,
338100,2023,
000105,2021,
000105,2022,0.04791159028282939
000105,2023,0.06747355269447856
018500,2022,0.36885113031079764
018500,2023,0.2404061385064299
007280,2021,
007280,2022,0.20347193980825118
007280,2023,0.1319828048461917
111380,2021,
111380,2022,0.5533985644642088
111380,2023,0.22265386738894935
120115,2021,
120115,2022,0.06890659593748207
120115,2023,0.015802673769051406
007590,2021,
007590,2022,0.04511546386493313
007590,2023,0.07837971827513261
012690,2021,
012690,2022,0.030087931154386592
012690,2023,0.1150923452261037
000850,2021,
000850,2022,0.10857034191513822
000850,2023,0.030581739093153072
068290,2021,
068290,2022,0.06715082130522562
068290,2023,0.05123412168496189
009200,2021,
009200,2022,0.03646821021586192
009200,2023,0.008355739939082145
016090,2021,
016090,2022,0.10480536493192683
016090,2023,0.0925327120151287
047400,2021,
047400,2022,-0.002564831441199691
047400,2023,-0.2446637303537421
013700,2021,
013700,2022,-0.20074012140243327
013700,2023,0.031549314295652386
021050,2021,
021050,2022,0.0020288425033732935
021050,2023,-0.07807862587371828
001470,2021,
001470,2022,-0.4609764915175211
001470,2023,-0.738772951747955
011390,2021,
011390,2022,0.04455077385948436
011390,2023,0.03739862064553913
069730,2021,
069730,2022,0.15798552390520956
069730,2023,0.06843253076048597
006090,2021,
006090,2022,0.041402971784822856
006090,2023,0.09513329110656112
101140,2021,
101140,2022,-1.096685904308491
101140,2023,0.09076475652738618
396690,2023,
010040,2021,
010040,2022,0.0036725074214386034
010040,2023,-0.06914744628597781
006880,2021,
006880,2022,0.015727931641925527
006880,2023,0.08861881059751267
004060,2021,
004060,2022,0.0072291966594477735
004060,2023,-0.004208125551421606
009770,2021,
009770,2022,-0.004493200952055799
009770,2023,0.060065471603998735
002795,2022,0.018542953268826788
002795,2023,0.03572064941890534
111110,2021,
111110,2022,0.20097946576645695
111110,2023,0.12114376231187853
000725,2022,0.05319411756211429
000725,2023,0.06773594025226552
006980,2021,
006980,2022,0.0007277029762703659
006980,2023,0.06215431149202934
214330,2021,
214330,2022,-0.06962391137865429
214330,2023,-0.06448032269863309
058730,2021,
058730,2022,0.010921268977854684
058730,2023,0.0980212632301249
003925,2021,
003925,2022,-0.10629746500178924
003925,2023,-0.09429051434013601
006490,2021,
006490,2022,-0.11479362537025614
006490,2023,-0.5951502471790898
004540,2021,
004540,2022,-0.012050629425887888
004540,2023,-0.1361922223594895
001550,2021,
001550,2022,0.14050119545257236
001550,2023,-0.1588721228690115
003780,2021,
003780,2022,0.11977766910257272
003780,2023,0.15699417251018413
129260,2021,
129260,2022,0.12316810358056836
129260,2023,0.05254755557154982
001465,2021,
001465,2022,0.06842474530257726
001465,2023,0.04506859782769544
001620,2021,
001620,2022,0.02367279356226285
001620,2023,0.041214866920039527
024900,2021,
024900,2022,0.18684792394411465
024900,2023,0.13838895887799205
155660,2021,
155660,2022,0.12032420958931225
155660,2023,0.08423718078143191
009835,2022,0.040260458631625654
009835,2023,-0.01655602536540582
004830,2022,0.030155272955554386
004830,2023,0.06660594099107811
007815,2022,0.1438326876143666
007815,2023,-0.08052258446925661
000910,2021,
000910,2022,-0.08366599801990514
000910,2023,0.05830231948817993
000220,2021,
000220,2022,-0.05125727661015757
000220,2023,-0.0627142288024644
35320K,2021,
35320K,2022,0.21511985762622754
35320K,2023,0.0294521549431888
009190,2021,
009190,2022,0.07813294925382364
009190,2023,-0.33653893195309553
002140,2021,
002140,2022,0.00649512555314466
002140,2023,0.03178959909958515
092440,2022,0.033946178721902524
092440,2023,0.017467686700133236
372910,2021,
372910,2022,0.07236095323954674
372910,2023,0.00647452609826377
378850,2021,
378850,2022,0.13689324368323358
378850,2023,0.2359818246044499
092780,2021,
092780,2022,0.021450967782791805
092780,2023,0.0626135611729488
37550K,2021,
37550K,2022,0.09498768384434926
37550K,2023,0.0412047226619993
004920,2021,
004920,2022,-0.022110458815512827
004920,2023,-0.1510469932428368
072130,2021,
072130,2022,0.04103345546619604
072130,2023,0.026472516557131617
002760,2021,
002760,2022,0.06343258398397988
002760,2023,0.017657239476107988
004410,2021,
004410,2022,0.02386977371294899
004410,2023,-0.02080494950387097
004770,2021,
004770,2022,0.06878677911956363
004770,2023,0.05011169911030636
005305,2021,
005305,2022,0.0921778950571531
005305,2023,0.11611863965092038
003475,2022,0.02894629488493594
003475,2023,0.04079471248693625
004450,2021,
004450,2022,-0.1438395055616463
004450,2023,-0.05897809779410649
002630,2022,0.41109627238572105
002630,2023,-0.16074136514550424
010770,2021,
010770,2022,-0.14013640555908838
010770,2023,0.08001405185050424
123700,2021,
123700,2022,0.027798052017606698
123700,2023,0.09593536166586071
003465,2021,
003465,2022,0.008420617714559812
003465,2023,0.014608437986454014
041650,2021,
041650,2022,0.0037631762637301757
041650,2023,0.07105389706943215
006370,2021,
006370,2022,-0.08037929233468852
006370,2023,-0.13834978281095442
023350,2021,
023350,2022,0.02553367873780096
023350,2023,0.08735711330786806
000890,2021,
000890,2022,-0.03430646666843791
000890,2023,-0.04376271935413631
075180,2021,
075180,2022,-0.025894360695812385
075180,2023,0.01447218505256356
017180,2021,
017180,2022,0.08788874456070359
017180,2023,-0.05231777730178014
006345,2022,0.014782559732174471
006345,2023,0.1001724183507429
357250,2023,
28513K,2021,
28513K,2022,0.08909775627728747
28513K,2023,0.018691701642167994
025530,2021,
025530,2022,0.011493399498294353
025530,2023,0.06283976942802634
014990,2021,
014990,2022,-0.26814622239595165
014990,2023,-0.04265035100441271
004910,2021,
004910,2022,-0.04274295538452123
004910,2023,0.027625629223392737
008420,2021,
008420,2022,0.1561539882218526
008420,2023,0.10550862832168507
001210,2021,
001210,2022,-0.7177894571585015
001210,2023,-0.7340840411914682
133820,2021,
133820,2022,-0.03320831367400236
133820,2023,-0.24733812552414636
093240,2021,
093240,2022,0.1191895202819039
093240,2023,0.028976380200116107
090080,2021,
090080,2022,0.14682661250233184
090080,2023,0.08567275769288511
026940,2021,
026940,2022,0.05636673227460912
026940,2023,0.028048029312114843
000950,2021,
000950,2022,0.3202031047467091
000950,2023,-0.09585452924060156
012280,2021,
012280,2022,0.007486577240793558
012280,2023,0.11573424766545036
009320,2021,
009320,2022,-0.34078186797186505
009320,2023,0.008579127680580452
011330,2021,
011330,2022,0.01945054159319382
011330,2023,-0.02247523116386449
007120,2021,
007120,2022,-0.043726701122827547
007120,2023,-0.1458080471125752
049800,2021,
049800,2022,0.21258020033696295
049800,2023,0.057849449010381894
002410,2021,
002410,2022,-0.11332177657117304
002410,2023,-0.13696947500872528
006125,2021,
006125,2022,0.15162526061763942
006125,2023,0.06632551376734602
027740,2021,
027740,2022,0.020000613525658267
027740,2023,-0.0323127648042287
020760,2021,
020760,2022,-0.11278906145288442
020760,2023,-0.5482846630218811
003080,2021,
003080,2022,0.029186602050848137
003080,2023,0.009450383639110839
012160,2021,
012160,2022,-0.0019186827201676572
012160,2023,-0.03504450455127434
001380,2021,
001380,2022,-0.020185245314639753
001380,2023,0.15388392903927192
011420,2021,
011420,2022,0.13839251915603257
011420,2023,0.04948597603429917
023960,2021,
023960,2022,0.13218213444801316
023960,2023,-0.05936713750833251
002920,2021,
002920,2022,0.06491744699807371
002920,2023,0.03302965657404167
000215,2021,
000215,2022,0.017782643224703815
000215,2023,-0.03438287546802216
481850,2023,
069460,2021,
069460,2022,0.08129672809204579
069460,2023,0.04159326964558324
011300,2021,
011300,2022,-0.11141559779955719
011300,2023,-1.5855224448206051
005030,2021,
005030,2022,-0.4533789493626663
005030,2023,-0.24584742085381953
003060,2021,
003060,2022,0.029633611987383367
003060,2023,-0.29745434888360245
011230,2021,
011230,2022,-0.4486063716951498
011230,2023,-0.3247443346463173
308170,2021,
308170,2022,0.01086887694843717
308170,2023,-0.17899474207955307
074610,2021,
074610,2022,-0.5619286639866063
074610,2023,-0.811856286786464
008870,2021,
008870,2022,-0.15287565109807488
008870,2023,-0.0814113223128214
000760,2021,
000760,2022,0.005566685556033246
000760,2023,-0.015285414327429287
145270,2021,
145270,2022,0.1062631939395051
145270,2023,0.11846919075038331
084870,2021,
084870,2022,0.08187269528443154
084870,2023,0.10934392548212181
002880,2021,
002880,2022,-0.5199128306132226
002880,2023,-1.414407774097025
013000,2021,
013000,2022,0.0332643638083734
013000,2023,0.05423356572993547
003535,2021,
003535,2022,-0.03527145152910618
003535,2023,0.00594409614004071
33637K,2021,
33637K,2022,-0.020798880133122883
33637K,2023,0.29338986255956845
008250,2021,
008250,2022,0.026704705018770376
008250,2023,-0.02847991433876571
025750,2021,
025750,2022,-0.03174194804257861
025750,2023,-0.09721533045338365
051630,2021,
051630,2022,-0.03203136323733614
051630,2023,-0.06449886317438554
002360,2021,
002360,2022,0.01961116205218484
002360,2023,-0.02804957115182072
33626L,2021,
33626L,2022,0.007386451705147238
33626L,2023,-0.016413953420462007
005320,2021,
005320,2022,0.012747356495162336
005320,2023,-0.07737799799169341
019490,2021,
019490,2022,-2.9281608314381384
019490,2023,-1.3662178172101627
017040,2021,
017040,2022,0.049904676878284746
017040,2023,0.08932088906650382
019175,2022,-0.10733067850700581
019175,2023,-0.191341954017162
014910,2021,
014910,2022,0.06424448737134279
014910,2023,-0.048392582109160795
002025,2021,
002025,2022,0.14645360685927625
002025,2023,0.007915111997496976
004365,2021,
004365,2022,0.10531906474962177
004365,2023,0.06782303414499517
134790,2021,
134790,2022,0.04012369148024344
134790,2023,0.038120849231174654
006200,2021,
006200,2022,0.11381962943716717
006200,2023,-0.021017879872697858
005820,2021,
005820,2022,0.06333751700575584
005820,2023,0.06285662649933806
010640,2021,
010640,2022,0.11374393778360717
010640,2023,0.11644188364134497
002870,2021,
002870,2022,-0.09395330782100998
002870,2023,-0.08531183611334513
024890,2021,
024890,2022,-0.15430401391043694
024890,2023,-0.1691483686240126
024070,2021,
024070,2022,-0.06595718586210429
024070,2023,-0.004255832511449087
000040,2021,
000040,2022,-0.20168838891355917
000040,2023,-0.5928067653731889
118000,2021,
118000,2022,-0.49933551887034655
118000,2023,-0.14175331214031814
009140,2021,
009140,2022,0.0423288123164208
009140,2023,0.08598996056848232
001070,2021,
001070,2022,-0.03867776947140657
001070,2023,-0.02759093538884761
009810,2021,
009810,2022,0.017211703999951387
009810,2023,-0.5740114504702494
357430,2022,
357430,2023,
090370,2021,
090370,2022,-0.05205770490246882
090370,2023,-0.09699607470819141
006740,2021,
006740,2022,0.05814267583499086
006740,2023,-0.042172481945831716
030720,2021,
030720,2022,0.09873976316139976
030720,2023,-0.3344209814713014
015260,2022,-1.0101760732434117
015260,2023,-0.3163908497075844
014130,2021,
014130,2022,0.06818538589083434
014130,2023,-0.17836839923846662
002690,2021,
002690,2022,0.02121473292271326
002690,2023,-0.020325688249601875
009460,2021,
009460,2022,0.011416596651861
009460,2023,-0.1736730614593016
446070,2022,0.004993974368221351
446070,2023,0.004487572922162384
088790,2021,
088790,2022,0.043884334179325434
088790,2023,0.04148233321641688
023150,2021,
023150,2022,0.07489190771463601
023150,2023,0.06849516749297559
002420,2021,
002420,2022,-0.04782036312779662
002420,2023,-0.05813410892151582
010400,2021,
010400,2022,-0.035522738579541656
010400,2023,0.020462263393824592
005360,2021,
005360,2022,0.030236719626123128
005360,2023,-0.05843331531063104
069640,2021,
069640,2022,-0.9771306466910865
069640,2023,-0.10172703487137193
006570,2021,
006570,2022,0.047392478856651946
006570,2023,-0.10579780673682576
003680,2021,
003680,2022,0.027048695148786252
003680,2023,0.02721660876869466
008775,2021,
008775,2022,-0.09293922636886495
008775,2023,0.14976036321486585
002820,2021,
002820,2022,-0.11699843908330397
002820,2023,-0.8202154403668624
465770,2023,0.047217049529367915
033250,2021,
033250,2022,
033250,2023,0.09917449475691484
004870,2021,
004870,2022,0.4632187976927762
004870,2023,0.02753129564490657
044380,2021,
044380,2022,-0.13485535471903193
044380,2023,-0.11239339236303433
005110,2021,
005110,2022,-0.2954852825060247
005110,2023,-1.8278598754997686
003495,2021,
003495,2022,0.19216438730685764
003495,2023,0.11459550940127092
002355,2021,
002355,2022,-0.017480148994283552
002355,2023,0.06258158766496194
143210,2021,
143210,2022,-0.40117472314511204
143210,2023,-0.13541880708763643
004270,2021,
004270,2022,0.02667222798351583
004270,2023,-0.08904531520478853
011090,2021,
011090,2022,-0.5293372108978845
011090,2023,-0.47295331567620685
012170,2021,
012170,2022,-0.5205002832057442
012170,2023,-0.8886897809809703
025890,2021,
025890,2022,0.05782120083988927
025890,2023,0.07952286947620843
001420,2021,
001420,2022,-0.046014008130623965
001420,2023,-0.002817429548001972
00499K,2022,0.02399953254344683
00499K,2023,-0.0021996120368158985
009310,2021,
009310,2022,-0.027014208776398242
009310,2023,-0.34857629366713205
001515,2022,0.014925512005109397
001515,2023,0.004025842530707372
001685,2021,
001685,2022,0.06373663888243898
001685,2023,0.051119036545164837
45226K,2023,-0.036326379997769886
108675,2021,
108675,2022,-0.1501327661123954
108675,2023,0.07661360571632284
071950,2021,
071950,2022,-0.11001216924384649
071950,2023,-0.4994590343588539
019685,2021,
019685,2022,-0.3364897848535797
019685,2023,-0.26643210040765736
001770,2021,
001770,2022,0.21025769155797291
001770,2023,0.002147557547030372
015020,2021,
015020,2022,-0.11084486915167704
015020,2023,-0.06663675058695928
008600,2021,
008600,2022,-0.0931805739116145
008600,2023,-0.1477995600280842
005257,2022,0.031629502839703845
005257,2023,-0.05365378804886705
009440,2021,
009440,2022,-0.01836170031012868
009440,2023,-0.14602190285605687
18064K,2021,
18064K,2022,0.2772979092578423
18064K,2023,0.1478569074129975
005725,2022,0.015483920759142853
005725,2023,0.03628243149784907
204210,2021,
204210,2022,0.18532691315561697
204210,2023,0.05240356279138477
002070,2021,
002070,2022,-0.08352382249022747
002070,2023,-0.08442247815664479
000087,2021,
000087,2022,0.07496232042350416
000087,2023,0.03160638222786396
00806K,2021,
00806K,2022,0.031773218863266076
00806K,2023,0.021065881355017187
001795,2021,
001795,2022,0.04752243231809891
001795,2023,0.05966674707563539
008500,2021,
008500,2022,-1.2566856562436715
008500,2023,-0.529378656571857
001755,2021,
001755,2022,0.05231604877106433
001755,2023,0.07396731508924954
140910,2021,
140910,2022,-0.04098509977643332
140910,2023,-0.03050137395606532
00781K,2022,0.1438326876143666
00781K,2023,-0.08052258446925661
004105,2022,-0.005622401122442904
004105,2023,0.0005970019707556398
33637L,2021,
33637L,2022,-0.020798880133122883
33637L,2023,0.29338986255956845
004255,2021,
004255,2022,0.08172496364632219
004255,2023,0.07541590242306062
38380K,2021,
38380K,2022,0.1056053250805509
38380K,2023,0.0481633603049047
012205,2021,
012205,2022,-0.19182909515904692
012205,2023,-0.010186631539066583
084695,2021,
084695,2022,0.04380130622855743
084695,2023,0.028536689174183706
001067,2021,
001067,2022,0.13268622697696167
001067,2023,0.14632950692123817
145995,2021,
145995,2022,0.052111001071822975
145995,2023,0.07579730549891474
003075,2021,
003075,2022,0.2569309873469991
003075,2023,0.0005041358518359303
004835,2022,0.030155272955554386
004835,2023,0.06660594099107811
145210,2021,
145210,2022,-1.327822132195159
145210,2023,-0.5373122806562133
000225,2022,-0.05125727661015757
000225,2023,-0.0627142288024644
001065,2021,
001065,2022,0.13268622697696167
001065,2023,0.14632950692123817
004985,2022,-0.06713082409537326
004985,2023,0.14376443250818843
009415,2021,
009415,2022,0.022786587352584476
009415,2023,-4.734174590799276
000325,2021,
000325,2022,0.06340923595653454
000325,2023,0.06307156747481121
007575,2022,0.08269307034708712
007575,2023,-0.010443205171329304
000145,2021,
000145,2022,0.053982781122176804
000145,2023,0.0016500671239259989
090355,2022,0.032744917640266435
090355,2023,0.076666766281236
000545,2021,
000545,2022,0.07993071537417516
000545,2023,0.1492131146382236
36328K,2021,
36328K,2022,0.06094267702061834
36328K,2023,-0.49093455175954925
26490K,2021,
26490K,2022,0.14072780308196742
26490K,2023,0.11812988104735238
005745,2021,
005745,2022,0.028355284937298126
005745,2023,0.0681801966511983
005965,2021,
005965,2022,0.0686031843060608
005965,2023,-0.007554295794220559
014285,2021,
014285,2022,0.13869085370105005
014285,2023,0.10092401615452681
014825,2021,
014825,2022,0.09935590289388077
014825,2023,0.08557699987034692
002995,2022,0.03897412278319976
002995,2023,0.0021848404388184256
004545,2021,
004545,2022,-0.012050629425887888
004545,2023,-0.1361922223594895
008355,2021,
008355,2022,0.09108221496065316
008355,2023,-0.0008649986260156451
000227,2022,-0.05125727661015757
000227,2023,-0.0627142288024644
002785,2021,
002785,2022,0.22053103797668455
002785,2023,0.18395794539651464
001525,2021,
001525,2022,-0.0056157832842046425
001525,2023,0.023147540207264544
004415,2021,
004415,2022,0.02386977371294899
004415,2023,-0.02080494950387097
011155,2021,
011155,2022,0.09803054108247033
011155,2023,0.05770007894952082
002787,2021,
002787,2022,0.22053103797668455
002787,2023,0.18395794539651464
014915,2021,
014915,2022,0.06424448737134279
014915,2023,-0.048392582109160795
001527,2021,
001527,2022,-0.0056157832842046425
001527,2023,0.023147540207264544
